giphy_id,qwen8b_dominant,moss_dominant,sentiment,arousal
1n4FT4KRQkDvK0IO4X,fear,neutral,-0.2255,0.6023
3o7TKPdUkkbCAVqWk0,disgust,neutral,-0.1884,0.5855
3ohnEqJ1XOfvWaSk7e,fear,neutral,-0.0552,0.5937
HtaGVNHVnTNuw,fear,neutral,-0.1479,0.5308
NEvPzZ8bd1V4Y,anger,neutral,-0.1485,0.5442
d3mlE7uhX8KFgEmY,happy,neutral,-0.0143,0.5023
d0DdMCREQChi3jGymW,anger,neutral,-0.217,0.5721
gdwJdym3VuXQr5OfAc,sad,neutral,0.0531,0.5515
1iTJ8HydjTxQgvYs,fear,neutral,-0.0701,0.5616
lptjRBxFKCJmFoibP3,fear,anger,-0.2768,0.6696
aZ3LDBs1ExsE8,disgust,anger,-0.3707,0.6587
3o6Zt4HU9uwXmXSAuI,surprise,neutral,0.1014,0.6763
AgHBbekqDik0g,fear,anger,-0.3078,0.6418
l3giLj8coa2HVnzgeF,anger,neutral,-0.2237,0.6041
S3Ot3hZ5bcy8o,fear,happy,0.3849,0.6677
h26f7dQPNqXRjAb54O,,neutral,-0.0409,0.4755
kjjRGpezebjaw,,neutral,-0.2407,0.6502
KzDqC8LvVC4lshCcGK,disgust,neutral,-0.054,0.5738
3oKIPdGYRGEby6jQwE,fear,anger,-0.3939,0.7251
rAKdqZ8nfiaZi,fear,neutral,0.1189,0.6217
3o7ZetIsjtbkgNE1I4,neutral,anger,-0.2535,0.7307
DnMMGxEvniha7CvASq,fear,neutral,-0.2032,0.5674
b85mPT4Usz7fq,,neutral,-0.1729,0.598
l3V0B6ICVWbg8Xi5q,disgust,anger,-0.3349,0.7793
67ThRZlYBvibtdF9JH,fear,happy,0.3349,0.6394
DMhDOItd4UPUO0RXpm,fear,neutral,-0.0745,0.5135
ugOaZ3Wi8lqZW,,anger,-0.1227,0.6375
R8Y1ZWAdik5qpLxqaa,,anger,-0.3608,0.7157
jsl82uOLnCdAXBqT1O,anger,neutral,-0.2172,0.6095
cb7t8mVPkiQDK,fear,anger,-0.2394,0.6878
l0HlOaQcLJ2hHpYdy,anger,neutral,-0.0798,0.5591
XKCdA6ERnXp6M,fear,anger,-0.2841,0.7151
LdOyjZ7io5Msw,,anger,-0.1081,0.7082
aN9GqoR7OD3nq,fear,neutral,-0.085,0.5248
LMiflYPfQbNXoua28d,surprise,neutral,-0.0058,0.5326
Tiaas82Zh2aJbyIaJ0,anger,neutral,-0.1889,0.5964
lszAB3TzFtRaU,anger,happy,0.0875,0.7066
t6le0zLgkIRVoh7YxK,disgust,neutral,0.1626,0.5627
mPKa6OI5oRsmextwBq,fear,sad,-0.2834,0.5285
O1QY4jjt2M9TErx4QW,happy,anger,-0.3665,0.5977
h0MTqLyvgG0Ss,disgust,neutral,-0.1802,0.5689
yUI3a7RwLhOFy,surprise,anger,-0.3471,0.7917
cdNSp4L5vCU7aQrYnV,fear,neutral,0.2342,0.5802
1n83V8ss2ZOrHs1FyJ,fear,anger,-0.3918,0.7247
evB90wPnh5LxG3XU5o,fear,sad,-0.3581,0.5287
3Zs26J8u7LWdW,,neutral,-0.1878,0.592
WxDZ77xhPXf3i,anger,sad,-0.5323,0.5474
26xBEamXwaMSUbV72,fear,neutral,-0.2182,0.6705
R9cQo06nQBpRe,fear,neutral,-0.196,0.5863
14ceV8wMLIGO6Q,fear,neutral,-0.0847,0.5464
q09as1hSQTyhEtpfoF,fear,anger,-0.3105,0.6763
MFsqcBSoOKPbjtmvWz,disgust,anger,-0.3183,0.6973
1BXa2alBjrCXC,disgust,anger,-0.3776,0.7346
UrbAt7S2zSEE5mENfM,fear,neutral,0.0283,0.5349
14SAx6S02Io1ThOlOY,disgust,neutral,-0.2632,0.5013
XKL1MHvk47OXC,fear,anger,-0.3681,0.7766
2GjgvS5vA6y08,fear,anger,-0.423,0.689
UO5elnTqo4vSg,happy,neutral,-0.099,0.5861
Wt6kNaMjofj1jHkF7t,anger,neutral,-0.048,0.4942
GRM7Z2s6AougoR3rvv,fear,anger,-0.4093,0.7725
3aGZA6WLI9Jde,fear,neutral,-0.1279,0.554
CjmvTCZf2U3p09Cn0h,disgust,neutral,-0.0053,0.5047
LSKVlAGSnuXxVdp5wN,anger,neutral,-0.0991,0.5357
3oEjHI8WJv4x6UPDB6,happy,anger,-0.1138,0.6766
ZxomYqy9uGtSQSSjth,fear,neutral,-0.2224,0.6378
10Jpr9KSaXLchW,fear,happy,0.4369,0.6821
l0IylQbWweKU5LGNy,fear,neutral,-0.0559,0.4993
O5NyCibf93upy,anger,happy,0.043,0.6295
l3E6uhDAN3W7vylji,disgust,anger,-0.0292,0.7525
44Eq3Ab5LPYn6,happy,anger,-0.226,0.696
ADgfsbHcS62Jy,,neutral,-0.1894,0.5512
3ohzdIuqJoo8QdKlnW,disgust,happy,0.1067,0.7306
Db7KR3SLgRUVfqKp0V,fear,neutral,-0.2279,0.5592
QVs6OmwbbGvWPJJ75m,happy,neutral,-0.0337,0.6574
8YBm95B5JNIXTWp5on,fear,neutral,0.0733,0.526
3o6Mb540VwDhjim5FK,disgust,neutral,0.0904,0.571
jInJJOmuBRwL5FpLKo,fear,neutral,-0.3007,0.64
H1wV85UGUQnTgGVIaj,anger,neutral,-0.0345,0.5292
Y2ZUWLrTy63j9T6qrK,disgust,anger,-0.3987,0.7178
0A477fjlRXL1n2LVgJ,anger,neutral,-0.0937,0.5991
9PyhoXey73EpW,fear,neutral,-0.0579,0.6288
jrhtSSLRtPagnk5Nxu,fear,neutral,-0.2191,0.4848
xTiTnqUxyWbsAXq7Ju,happy,neutral,-0.0329,0.5784
2w6I6nCyf5rmy5SHBy,fear,happy,0.165,0.6394
J5sGUCM7sCt7G,fear,anger,-0.3712,0.6935
4cQSQYz0a9x9S,disgust,anger,-0.2986,0.6748
5xtDarqlsEW6F7F14Fq,disgust,happy,0.6225,0.7006
x0npYExCGOZeo,fear,neutral,0.1452,0.5881
KBaxHrT7rkeW5ma77z,anger,surprise,-0.1088,0.7018
2FayTY8z5FsBbLLBS,fear,anger,-0.4319,0.6079
3o6nUMRm46ceoDRAd2,neutral,anger,-0.438,0.7339
tsX3YMWYzDPjAARfeg,fear,happy,0.6165,0.7027
SWVF41fAxIrwIyUr8b,,neutral,-0.1799,0.5684
laUY2MuoktHPy,fear,anger,-0.2487,0.7048
IwAZ6dvvvaTtdI8SD5,happy,neutral,0.2013,0.6036
xUOxfoA5ffZ8xoTDC8,happy,neutral,0.0241,0.4952
BWySufD6KWQzC,fear,neutral,0.0605,0.5752
Pk3kAZnZaAq9jqh5mJ,happy,anger,-0.3054,0.6846
VbE1xtnPHx6D34GXhv,neutral,sad,-0.3719,0.4919
tmQrpA8zpG4a16SSxm,fear,sad,-0.4729,0.5601
xT9IgAakXAITtXIWje,anger,neutral,-0.101,0.5614
SWoRKslHVtqEasqYCJ,disgust,anger,-0.3942,0.7076
XeLcgh8gT8o0F5SQ8i,,anger,-0.3376,0.7253
YA6dmVW0gfIw8,anger,neutral,-0.206,0.5595
l0HFkA6omUyjVYqw8,fear,sad,-0.3874,0.4615
DhstvI3zZ598Nb1rFf,anger,happy,0.1458,0.66
26FPy3QZQqGtDcrja,fear,anger,-0.4626,0.7715
jQWJUET9SPFxRINeMP,fear,neutral,-0.1971,0.6472
d3mmdNnW5hkoUxTG,disgust,neutral,-0.0458,0.4853
wazvvYSGdvJhm,fear,anger,-0.4567,0.8028
I4Jmrcjnr8Zfq,fear,anger,-0.1588,0.7472
MQuNaGVm9qT1ryKWH4,,anger,-0.1574,0.7339
l0ExhcMymdL6TrZ84,happy,neutral,0.0964,0.6212
tyqcJoNjNv0Fq,sad,neutral,0.0696,0.5789
l4FATJpd4LWgeruTK,fear,anger,-0.4914,0.7819
fxZUW30aS7bjmG5Oha,anger,neutral,-0.0995,0.529
TJaNCdTf06YvwRPCge,fear,neutral,-0.1644,0.6216
Q7ozWVYCR0nyW2rvPW,fear,neutral,0.0445,0.5772
l0Ex6kAKAoFRsFh6M,disgust,neutral,-0.0047,0.5398
kPtv3UIPrv36cjxqLs,disgust,sad,-0.4104,0.5032
X0oEvTEdLj2YU,fear,neutral,-0.1274,0.6755
7mI0mLnprQCOs,anger,sad,-0.4965,0.5433
MRxJqmk3MNta8,anger,neutral,-0.2422,0.5911
8Iv5lqKwKsZ2g,happy,neutral,0.1709,0.5808
MVDPX3gaKFPuo,,anger,-0.2774,0.764
RrVzUOXldFe8M,anger,neutral,-0.2686,0.6043
NTTz63N3bTEVl83tN8,happy,neutral,0.3613,0.6024
26n6xBpxNXExDfuKc,fear,neutral,-0.016,0.4993
B2Nx3iCzR9Tpf4W6k9,fear,neutral,-0.1933,0.6018
GpyS1lJXJYupG,disgust,sad,-0.4728,0.4676
Gtnf8Fok8An9m,disgust,neutral,-0.0553,0.4819
l3fQf1OEAq0iri9RC,disgust,anger,-0.3951,0.7355
AhgQdQqF0nwPiZkGPc,happy,neutral,0.1942,0.5464
26n6Gx9moCgs1pUuk,disgust,anger,-0.1707,0.7635
5nsiFjdgylfK3csZ5T,fear,anger,-0.3118,0.708
l41Ys1fQky5raqvMQ,,anger,-0.2049,0.737
op2Br9pDuAIQo,,anger,-0.4166,0.7223
26gsspfbt1HfVQ9va,fear,neutral,-0.0151,0.5037
OJw4CDbtu0jde,fear,sad,-0.55,0.5583
26ufcVAp3AiJJsrIs,fear,neutral,-0.1599,0.5629
d2lcHJTG5Tscg,fear,sad,-0.6057,0.4296
CAxbo8KC2A0y4,,neutral,0.0335,0.6224
EQBsWLfdxHW01Y1OHK,anger,neutral,-0.1529,0.5638
n5sdh00OGVpgA,disgust,anger,-0.2397,0.7148
oNFP9kltPi7fp8TUAV,fear,neutral,0.0724,0.5953
32mC2kXYWCsg0,fear,sad,-0.5282,0.5005
Qz4RaxcOh4qndWOG5N,fear,neutral,-0.1171,0.498
YJjvTqoRFgZaM,,anger,-0.4707,0.7702
8YmZ14DOpivXMuckSI,fear,anger,-0.4042,0.6887
IXWqceoF995QxrBnL0,fear,neutral,0.0093,0.4836
fWlesbav1qMk8,fear,anger,-0.274,0.6408
aJlKIh8Kh0NLa,fear,neutral,-0.2584,0.5924
3oz8xZGfHArTvh99YI,anger,neutral,0.0391,0.6205
2Z3lgZOhISkYU,fear,anger,-0.4219,0.744
JhncGNdBoyeKk,fear,neutral,-0.1207,0.5921
26tOZ42Mg6pbTUPHW,happy,neutral,0.0813,0.6494
l4KhQo2MESJkc6QbS,fear,neutral,-0.0041,0.4745
BFYLNwlsSNtcc,disgust,anger,-0.3576,0.7742
gEvab1ilmJjA82FaSV,fear,neutral,-0.0893,0.5674
acttIrNAHaoco,fear,neutral,-0.204,0.6291
pdtaN3WCeipkQ,fear,neutral,-0.1154,0.6571
FoH28ucxZFJZu,fear,sad,-0.5902,0.4023
X7fal3ZYE3SDjegvPY,,neutral,0.0192,0.5139
3jcgPn9fzfaXc1EHJC,anger,neutral,-0.1686,0.5488
UBBJYj7kgrRpOOdwrv,happy,neutral,0.086,0.5051
A6aHBCFqlE0Rq,disgust,neutral,0.2227,0.5754
3o6EhXlZ0l1kFxo4Gk,fear,anger,-0.4707,0.7992
3ohhwF34cGDoFFhRfy,disgust,neutral,0.0358,0.5172
nfAMS5TUUgw9i,,neutral,-0.0482,0.4833
26ufdipQqU2lhNA4g,fear,anger,-0.3617,0.7363
CoDp6NnSmItoY,anger,happy,0.0403,0.6894
fMB1jJgrkhisCczdpy,fear,neutral,0.0014,0.6294
oX7tFfy7kXJDnkrQPc,fear,neutral,-0.0923,0.5398
NaboQwhxK3gMU,disgust,neutral,0.021,0.5759
26tPo9rksWnfPo4HS,fear,anger,-0.3305,0.7813
FaKV1cVKlVRxC,happy,neutral,0.0257,0.5123
ftJQUR24xLasOSDyb7,happy,neutral,0.0293,0.4976
8wfoaIjVc0FBaLu5xH,anger,neutral,-0.0528,0.5353
3oEjI1erPMTMBFmNHi,fear,anger,-0.4782,0.7122
l0NwNrl4BtDD7JCx2,fear,anger,-0.483,0.6779
gTURHJs4e2Ies,happy,neutral,-0.056,0.5498
BCIoXfA95d1ba,fear,neutral,-0.1847,0.5832
PPi5c8l8WDY7if1L8z,fear,anger,-0.2107,0.7114
YnkMcHgNIMW4Yfmjxr,fear,neutral,-0.085,0.5024
QuspXi6Va6Scge0PB7,fear,anger,-0.2713,0.6333
Ny4Ian52lZDz2,fear,anger,-0.5024,0.7943
3o6Zt9y2JCjc450T3q,anger,neutral,-0.0788,0.5462
ukGm72ZLZvYfS,disgust,anger,-0.3393,0.6327
xUPGGw7jxnwjk073sA,fear,anger,-0.3689,0.7228
l0HlBO7eyXzSZkJri,fear,neutral,-0.1907,0.4631
17C41UvchStTkd92UQ,disgust,neutral,-0.2165,0.6242
3oEdvbpl0X32bXD2Vi,fear,anger,-0.258,0.6282
h3ukojADbBwXZ7F1hD,anger,neutral,-0.2024,0.6193
j4qzqfdXRmw06W1SYb,fear,sad,-0.4719,0.6091
3o6ZtnBTCcssUFSgbS,,neutral,-0.1297,0.5286
QPQ3xlJhqR1BXl89RG,anger,neutral,-0.2387,0.5659
3o7abAHdYvZdBNnGZq,fear,neutral,0.009,0.5575
ie76dJeem4xBDcf83e,anger,sad,-0.4135,0.5509
f7GQKWSKo5ekWPUNnC,happy,neutral,0.0223,0.577
l2JhrYYxAD6N5gble,anger,sad,-0.5618,0.5457
bzOwkffoJcEXcP2OxW,disgust,neutral,0.0905,0.5621
7WwVYKDMt5khG,fear,neutral,-0.1249,0.4899
QMHoU66sBXqqLqYvGO,fear,neutral,0.1174,0.571
MwOuiiTfWfWgM,disgust,anger,-0.4375,0.7322
BPJmthQ3YRwD6QqcVD,disgust,neutral,0.1676,0.5721
n2IPMYMthV0m4,fear,neutral,-0.1906,0.5939
nrXif9YExO9EI,fear,anger,-0.4632,0.7796
12WEBZaeMLsMnu,anger,fear,-0.2752,0.7213
LkuPxRS0F6gmc,disgust,anger,-0.28,0.6975
S6TEoUBJuGfQCoGl8l,disgust,happy,0.4047,0.6969
945jGDodvZCDe,fear,anger,-0.3447,0.7826
3NtY188QaxDdC,surprise,happy,0.35,0.7453
Od0QRnzwRBYmDU3eEO,anger,neutral,0.2687,0.5869
10UHehEC098kAE,fear,anger,-0.318,0.7548
11ITiHSwbGTXmU,disgust,neutral,-0.074,0.4997
dOl2LFw0RbTMc,disgust,anger,-0.3304,0.6779
9VnK2SUebgetTc9X7B,fear,neutral,-0.1737,0.5642
y31rRE5h3wyPXey8vx,fear,sad,-0.4326,0.5952
9u1J84ZtCSl9K,fear,neutral,-0.0268,0.574
nqi89GMgyT3va,anger,neutral,-0.155,0.5726
LCdPNT81vlv3y,fear,sad,-0.2344,0.5792
lQ1nXVifuLqyVAH2Gu,anger,happy,0.1644,0.6903
iqfYgtx8oWw4o,fear,anger,-0.112,0.734
Z6uvOruuusqmbv9lNi,fear,anger,-0.3475,0.6705
3o7WTOoMpIy5uXW3PW,fear,neutral,0.0598,0.5778
7VLQSALizxgf8NgcH5,disgust,anger,-0.2732,0.629
IYIlvuWc21U4g,fear,neutral,-0.1931,0.5698
TLayDh2IZOHPW,disgust,neutral,0.1318,0.6195
3oEduOnl5IHM5NRodO,fear,happy,0.3675,0.7569
D3OdaKTGlpTBC,fear,sad,-0.5373,0.4512
R6gvnAxj2ISzJdbA63,happy,neutral,0.1442,0.5259
hVTouq08miyVo1a21m,surprise,neutral,0.0499,0.5822
YrlFV52a9n1uMolLcJ,fear,anger,-0.1473,0.7871
kyiHXDANuOg8Jy6ByA,disgust,neutral,-0.0226,0.5639
wpci3xdYmUZG,fear,happy,0.3101,0.6988
NTur7XlVDUdqM,fear,neutral,0.1812,0.5992
UlqLDtI8Qc0j6,disgust,neutral,0.0841,0.6281
7Jq6ufAgpblcm0Ih2z,disgust,anger,-0.4371,0.7423
7FgDPLLKh1v4d2XLkl,fear,neutral,-0.1018,0.6708
k3OVC1A2BARIk,,neutral,0.1027,0.5965
h5NLPVn3rg0Rq,fear,sad,-0.5651,0.5095
3o7TKHVU0xsgGDCyPu,surprise,neutral,0.0066,0.5491
BqAkoM2w0kcNi,disgust,anger,-0.1998,0.694
l41lUjUgLLwWrz20w,happy,neutral,0.1999,0.5415
Wr2747CnxwBSqyK6xt,fear,sad,-0.4491,0.4547
gKejTv4zY53eL6IbIm,happy,neutral,0.0504,0.53
As5I29lsXEvreY88we,fear,neutral,-0.1506,0.5898
VfGyTW2CVYANy,happy,anger,-0.1635,0.6843
J5jiSSrEkV3Kd8iOwb,fear,happy,0.0104,0.7319
dXWnpoJYNKR6BlfCru,,anger,-0.399,0.7505
r1HGFou3mUwMw,fear,anger,-0.2342,0.6735
uUIFcDYRbvJTtxaFNa,fear,sad,-0.4953,0.5979
AxpvyWYDHuIH6,,neutral,-0.0682,0.6402
L4NtmZmGB6zwUKPw6R,fear,neutral,-0.0172,0.489
I7mHOFnVJGSeA,fear,neutral,-0.0198,0.4686
4M2nnq1KXx3Kd2wGoD,fear,neutral,-0.0018,0.4718
KRG6XGnCYB0L6,fear,anger,-0.4651,0.7865
l0MYu38R0PPhIXe36,disgust,sad,-0.4261,0.5362
9rRacglGbs68E,neutral,anger,-0.2646,0.7428
3XBK3CzTN9A1qnzrvR,anger,neutral,-0.0351,0.5
sTczweWUTxLqg,,happy,0.064,0.727
x70p0tqMsvqMM,,neutral,-0.1275,0.5319
iiQSTrHtDIgnw9YtlA,fear,neutral,0.0107,0.61
LFqxF9yF8sRry,anger,neutral,-0.1204,0.631
QkR0NS30aawH6,disgust,anger,-0.4922,0.7177
sbI5Merh3wkc4sU0Zm,anger,neutral,-0.2057,0.5437
iJJ6E58EttmFqgLo96,disgust,sad,-0.5879,0.4124
LLHkw7UnvY3Kw,fear,anger,0.0112,0.7216
pPhyAv5t9V8djyRFJH,anger,neutral,-0.1358,0.5195
3o84sq21TxDH6PyYms,fear,anger,-0.471,0.8062
5XCWLH6ovlsiISpU2U,fear,neutral,-0.0302,0.4833
RgnTXvE24wFjUhB3Dt,anger,neutral,-0.2993,0.5431
n0AYAELt5C8P6rUVDk,fear,anger,-0.4843,0.7836
3ohs4rclkSSrNGSlFK,fear,neutral,-0.0926,0.54
pynZagVcYxVUk,disgust,sad,-0.5434,0.4716
sRKg9r2YWeCTG5JTTo,fear,neutral,-0.1795,0.6558
cL4pqu8GGRIihabgSM,anger,neutral,-0.0877,0.5778
TfWhFbURIirNegNN4t,fear,sad,-0.5448,0.4747
26BRuo6sLetdllPAQ,fear,sad,-0.3659,0.4309
xULW8j2wGlV1JbDAfS,disgust,neutral,-0.0678,0.4996
46zrcGvpuWlPCbZ6ph,fear,neutral,-0.1007,0.5066
lYSvai8OdGpP2,fear,sad,-0.3886,0.5682
qOhzfrkMzQO8U,fear,neutral,-0.1645,0.6019
PkimE3gvpjWYfrjy4C,anger,neutral,-0.1211,0.5895
d5mI2F3MxCTJu,fear,neutral,-0.1108,0.6376
ioopmOHLqIDfGxLLKG,fear,neutral,-0.0329,0.603
feuGBZrrdCATToYB7d,fear,neutral,-0.3257,0.5557
LVO6SbTmWA3Ru,neutral,happy,0.3176,0.6672
JeEC3mlQLjGk7smSJu,fear,anger,-0.4561,0.758
1TSUKOv4k56aIryKAP,disgust,neutral,0.0151,0.5082
kC2cRqEt8o41COgjoV,anger,sad,-0.4698,0.5572
yUbMqEVcIXS24,fear,neutral,0.0109,0.5335
l0NgQgSHKlhCyQYDu,fear,neutral,-0.04,0.5256
oYtVHSxngR3lC,surprise,neutral,-0.011,0.6051
x47gj23jEvGxdWkQEC,fear,neutral,-0.1809,0.6371
QBd2kLB5qDmysEXre9,happy,neutral,-0.0177,0.5454
4NnTap3gOhhlik1YEw,fear,surprise,0.1207,0.725
QhjR3MG9ZFfjB6BtIZ,disgust,neutral,-0.1555,0.4947
QTJXL39QkJivu,disgust,neutral,-0.1016,0.516
QH3zfREoX0luU,fear,anger,-0.3276,0.6986
YRuFixSNWFVcXaxpmX,disgust,neutral,-0.2642,0.57
3o72FfM5HJydzafgUE,fear,anger,-0.2162,0.7527
jTrMNc8FPZntcZmSS7,fear,neutral,-0.1049,0.5481
12R2bKfxceemNq,fear,neutral,-0.0595,0.5381
1hMjJILpxoWpQad37L,fear,anger,-0.34,0.703
l1BgRXXVvQtuXHr32,disgust,anger,-0.415,0.6383
gtPaaCbkxpmWk,fear,sad,-0.4957,0.6189
3o7TKRBB3E7IdVNLm8,disgust,neutral,-0.0592,0.4921
S3n6idriKtiFbZyqve,fear,anger,-0.4802,0.7566
ZTIEREG1h0Kk0,surprise,neutral,-0.0906,0.5572
d0NnEG1WnnXqg,happy,neutral,0.1835,0.6049
a5viI92PAF89q,anger,neutral,-0.2784,0.5899
3oz8xZMZox78ZbWbFC,fear,sad,-0.4665,0.6045
LRZ536Mwpj75cXBttx,fear,neutral,-0.0696,0.5037
phCrvd7QmQf7zc2EXU,anger,neutral,-0.2503,0.6082
JmD9mkDmzvXE7nxy7j,neutral,sad,-0.2744,0.5175
uqSU9IEYEKAbS,,neutral,-0.3471,0.5659
xBqg5gAf1xINizpek6,fear,anger,-0.3087,0.687
6ra84Uso2hoir3YCgb,fear,happy,0.299,0.6407
l23r80pqloao1q8RDV,fear,neutral,0.0077,0.6493
kfFJ4cZGlNGzRILfpW,fear,neutral,-0.1688,0.6256
wvaxs1CsGVTby,fear,anger,-0.3455,0.6304
mIvrv5Qe0kHlu,fear,neutral,-0.1881,0.586
l2olcETxXQjImhNcm2,happy,neutral,0.2857,0.5817
3oEjHAUOqG3lSS0f1C,,anger,-0.4488,0.7028
UqFrsHz0CHK7Hd9IVH,happy,neutral,-0.0304,0.4828
dZCa79nBsVDU1sWwbm,fear,anger,-0.1703,0.7485
SWVzkIlHdEckF81gnA,fear,anger,-0.3154,0.7476
13HceafzmozjjO,fear,anger,-0.2064,0.677
ai8vy8oZ6tkIM,disgust,neutral,-0.0872,0.5322
NUZ5OqHdbknHa,,anger,-0.2754,0.6825
yoJC2GnSClbPOkV0eA,fear,happy,0.0963,0.7234
1zgzK9wg3xvKeoFUX8,fear,neutral,0.0343,0.5208
8igfrOLF6m9jv0T3W0,fear,anger,-0.4605,0.7793
tMOyj4hkcxSfe,fear,anger,-0.4539,0.7798
4JVTF9zR9BicshFAb7,fear,neutral,-0.1738,0.5912
9Ji1s0nTBLlKQEhpLu,fear,neutral,0.0842,0.5372
12IOWYBrqTZCg0,disgust,sad,-0.4866,0.5308
DfyDqTfRB4Bz1hfWWl,anger,neutral,0.0456,0.4785
MgRKCBGvlpqTENUzWk,anger,neutral,0.0075,0.5006
P3vc6Z3zVT1Go,surprise,happy,0.5033,0.668
veAy5UOhBdS3C,fear,neutral,0.1942,0.6144
jMz5jWatM1n7q,disgust,neutral,-0.153,0.5228
VRa3YCyi3JSWk,anger,neutral,-0.0849,0.6564
35MvUTdVqQcklfbuKf,happy,neutral,0.058,0.4966
rNYQWsOSQgHo4,fear,anger,-0.2492,0.6261
lPpKtftzYSi0f2HlVL,anger,neutral,0.1013,0.6426
Hluq5ybFMlnfa,fear,neutral,-0.0703,0.5364
3o6MbtRx8nFU2n5wZO,anger,neutral,-0.0439,0.6127
xR2SI8vqfQMLe,fear,anger,-0.1627,0.688
yr7n0u3qzO9nG,fear,anger,-0.3839,0.7916
Q3YI50shLCxZm,fear,neutral,-0.1781,0.5479
Z1LYiyIPhnG9O,fear,anger,-0.4622,0.793
Ogak8XuKHLs6PYcqlp,fear,neutral,-0.0826,0.5804
sEULHciNa7tUQ,disgust,anger,-0.4561,0.7503
1ptVnxgKvFzgI,fear,anger,-0.4483,0.7448
Jso1dbifABkyEDiIXQ,fear,neutral,-0.108,0.5513
2WxWfiavndgcM,fear,sad,-0.579,0.4675
11Ldh8hMMCEkta,fear,neutral,0.151,0.5516
13z9TyOmEPFams,anger,sad,-0.5429,0.4649
l0HlKrB02QY0f1mbm,fear,neutral,-0.0369,0.5677
ToMjGpKniGqRNLGBrhu,surprise,happy,0.0639,0.6806
3o84sv2u7KSHKbwPza,disgust,anger,-0.3437,0.7603
p4cqQ0gUIMcU0,sad,anger,-0.395,0.6636
fUXZfIDUl8K7lJJ9KK,fear,neutral,0.1163,0.5599
kgpuhoz8vW4RW,happy,neutral,0.1251,0.6462
YiIGgI3QblMwU,sad,neutral,-0.0134,0.5386
dJGYFScvBjfRabiH7m,anger,happy,0.2881,0.6649
QVP7DawXZitKYg3AX5,fear,neutral,-0.0221,0.5661
2Y8Iq3xe121Ba3hUAM,disgust,neutral,-0.2756,0.5247
3ornka9rAaKRA2Rkac,fear,anger,-0.3395,0.6913
jxJjBMvqEvMSA,,neutral,-0.039,0.5395
d6KXqyzam7mH3kZvHF,anger,neutral,-0.1942,0.5592
LDBuYzAwu8L4I,happy,anger,-0.3776,0.7237
3ohhwtftK2lWSFvwUo,fear,sad,-0.1606,0.63
Zd1BUb0qs6nwjeMUBu,fear,neutral,-0.1797,0.5679
h36vh423PiV9K,fear,anger,-0.3564,0.7361
QMkPpxPDYY0fu,happy,neutral,0.0771,0.5929
2z6x8UzzCdBBu,fear,anger,-0.4981,0.7886
f9eYHQ8RZ4zfc4unXx,anger,surprise,0.0758,0.6884
Ld77zD3fF3Run8olIt,anger,neutral,-0.2676,0.5606
9MIwzbUz11clQMmpwV,fear,anger,-0.4243,0.78
MO9ARnIhzxnxu,fear,sad,-0.4124,0.4998
fSYmbgG5Ug8S11K0FU,disgust,neutral,-0.1839,0.6379
8ymvg6pl1Lzy0,anger,neutral,-0.2788,0.596
gYWeVOiMmbg3kzCTq5,fear,neutral,-0.0001,0.4868
uG3lKkAuh53wc,fear,anger,-0.3823,0.6522
xUOwGpaKq5xjHNz8Bi,anger,fear,-0.4981,0.6896
vka8RVWJLaLy8,,neutral,-0.1562,0.5629
IUugNUbGENf1e,fear,anger,-0.4578,0.7257
3i4Prsb5uTZArI7fI4,disgust,neutral,0.0361,0.4933
OSdMzlfJL4lPc33vKt,fear,neutral,-0.0176,0.485
DeAIC76F52wqk,fear,neutral,0.0675,0.5188
RzIOlMSToaDLO,disgust,happy,0.3075,0.6279
wWue0rCDOphOE,fear,happy,0.4542,0.7217
13ln9K5TWkNTLa,fear,neutral,-0.1913,0.5268
KWzzTbkhDvmQU,,anger,-0.3,0.7776
qIFepMd1Dx0uQ,disgust,sad,-0.3738,0.5338
d9O4Lumgzag6iiDuGb,fear,anger,-0.4839,0.7802
5YS2veXdeDhsI,fear,anger,-0.2795,0.6599
12aW6JtfvUdcdO,disgust,neutral,0.0227,0.5159
BbJdwrOsM7nTa,fear,anger,-0.1672,0.7762
wb6xgCSpLl0m4,fear,neutral,-0.2129,0.6013
KPgOYtIRnFOOk,fear,anger,-0.0561,0.6872
5wWf7H0qoWaNnkZBucU,disgust,sad,-0.4114,0.5175
5efT9uLuaJoM3lGKIt,fear,neutral,-0.0154,0.4619
Io4FqkTWHlAt091rye,fear,anger,-0.3324,0.6581
oyQ5Qf9Ihu3ctAe4hw,happy,neutral,0.0439,0.5157
gjgWQA5QBuBmUZahOP,fear,happy,0.4579,0.6803
gDJmXmtODz16M,fear,neutral,-0.0217,0.6628
3otPoEvMyH2X0NTOWk,fear,happy,-0.0844,0.7136
7frSUXgbGqQPKNnJRS,happy,neutral,0.2397,0.5853
Js7cqIkpxFy0bILFFA,fear,neutral,0.0062,0.5056
OY9XK7PbFqkNO,fear,sad,-0.5943,0.4527
A5cMONNFFwPgA,surprise,neutral,-0.0742,0.5464
W68eZm2RllVAwIg84v,anger,disgust,-0.4719,0.6496
NmiVAPnPAHbonwjzpV,surprise,anger,-0.4446,0.7895
hDQt1oSugPuj1iQude,disgust,neutral,-0.1185,0.6384
PqjTdvXImZQfcmTYEO,fear,neutral,-0.0104,0.4802
9rwJNLBu8FMfixoIxL,fear,neutral,-0.1458,0.5664
H3NaSMyWkZ8AMQhAhh,surprise,anger,-0.3167,0.686
3ohzdYJK1wAdPWVk88,fear,anger,-0.3323,0.678
Ct2fBe0rc69nq,fear,neutral,-0.0801,0.5426
0IeqgOVYEXCag14IHt,fear,neutral,0.008,0.5438
xUA7aM09ByyR1w5YWc,disgust,anger,-0.3438,0.643
XFpCAWSfTwXh2uSEk2,fear,sad,-0.1452,0.5831
3Z1fs9bD259q1buTR1,fear,happy,0.2164,0.6434
5oYgxQKHhEjEk,fear,neutral,-0.0516,0.5502
Xy0Y5paPbG4YkambmI,fear,neutral,-0.1166,0.4807
Tex4wVhhs4iwKoV7YT,disgust,neutral,0.0354,0.5464
xT9KVmZwJl7fnigeAg,fear,neutral,-0.1817,0.542
gSl7e703puA6tSSfqW,fear,anger,-0.4223,0.7323
1jX7sGRj6hYUW4iP4Q,fear,neutral,-0.0199,0.4889
Lk023zZqHJ3Zz4rxtV,disgust,neutral,-0.2274,0.5807
xT9Igrp5DiYwi1KQIE,disgust,neutral,-0.0993,0.5405
gIZhkT9h7I6N46nrkp,fear,neutral,-0.2193,0.6285
NGSbD5vI6lUvC,fear,neutral,-0.1297,0.5155
12ndTXvU4ZfKF2,disgust,neutral,-0.0656,0.5757
l4lQW9KfRQscU0ds4,fear,neutral,-0.192,0.5542
S5EDQH3YV09z7o5cQn,happy,neutral,0.0598,0.5226
OPU6wzx8JrHna,fear,sad,-0.5834,0.4415
13PZ0dKw1J3LzO,fear,anger,-0.321,0.6403
fJliUiYbvEIoM,anger,neutral,0.0181,0.4833
Sux3kje9eOx1e,fear,neutral,0.0483,0.6745
JZfZ7txR1pPOF5ofBY,fear,neutral,-0.1212,0.5267
iIdu8hqv9OUzsaeV2M,disgust,anger,-0.2914,0.6502
hcsoflVVr8gYE,fear,neutral,-0.0237,0.5969
yx400dIdkwWdsCgWYp,fear,anger,-0.4511,0.7742
3oz8xI5c0K0hFPwmGI,fear,sad,-0.5004,0.6109
RWUGDeiDvHj68,disgust,fear,-0.1835,0.7593
AOgwrHx4o49v2ZisoR,happy,neutral,0.054,0.5267
OCu7zWojqFA1W,fear,anger,-0.4219,0.744
W307DdkjIsRHVWvoFE,fear,neutral,-0.0072,0.4593
lOiJqCjiEOcmc,disgust,sad,-0.1281,0.5899
mMDwu4zpmmPEQ,fear,neutral,-0.168,0.6687
iibH5ymW6LFvSIVyUc,happy,neutral,0.124,0.5362
DohrzSCB07moM,fear,anger,-0.1111,0.6954
XHzXNIXZvH2y4,happy,anger,-0.242,0.6567
G6sJqVpD1U4jC,fear,neutral,-0.1746,0.5726
X0Puqlx2pTy4E,anger,neutral,-0.246,0.5908
dzaUX7CAG0Ihi,fear,neutral,0.1547,0.6355
wAxlCmeX1ri1y,happy,sad,-0.2965,0.5909
Rl9Yqavfj2Ula,fear,neutral,-0.0231,0.5005
l4KibWpBGWchSqCRy,anger,happy,0.1513,0.6742
aRRGY0316l5GMK2uZE,fear,neutral,-0.1934,0.6066
nZW5fIzaIJVXddVla7,happy,neutral,-0.1153,0.5313
KZeggSZ0zFmWh5rozL,anger,neutral,-0.069,0.5686
WWjT8UY3Ib4wE,fear,neutral,-0.0113,0.5971
qKIeTV86IVNPG,fear,neutral,0.0026,0.4976
l41lIkTqv4NTHPktO,fear,happy,0.284,0.6868
h4NlRPJCQAXOto7E4g,fear,anger,-0.2619,0.6944
Mr07S8QJJiCnS,fear,neutral,-0.159,0.6451
TUMBjT9u5LmV2,fear,anger,-0.2868,0.6924
JtBZm3Getg3dqxK0zP,fear,neutral,-0.0556,0.4858
WeLLFqk3UORRGJK3pR,anger,neutral,-0.1172,0.5691
yidUzCpZnp0XplNn56,fear,neutral,-0.2296,0.6062
jR5btQ9LH000ZehIE6,anger,neutral,-0.16,0.4882
13XarhksGkhCZG,fear,neutral,0.0306,0.6027
FcuiZUneg1YRAu1lH2,fear,sad,-0.4136,0.5176
hgjNPEmAmpCMM,,anger,-0.3269,0.6674
13uqSsDkBBbgg8,anger,happy,0.6418,0.7317
3orieUs03VUeeBa7Wo,anger,sad,-0.4624,0.4876
3ohhwxmNcPvwyRqYKI,fear,happy,0.125,0.7319
89Eko49m84Ja,neutral,fear,-0.3672,0.7849
vexMhgUYTi6mQ,fear,happy,0.1075,0.7325
3o7abldj0b3rxrZUxW,fear,happy,0.3276,0.7495
U8T2hegONNj82dbQRi,fear,anger,-0.4464,0.7622
U3h33i9Jis4aZXJri2,disgust,anger,-0.1401,0.7423
2vllwG8FoP1J147xhV,happy,neutral,0.0306,0.5359
fGLM3nGAbD1WOCNblY,fear,anger,-0.4211,0.7452
dBGi39HzazuTV21S15,fear,anger,-0.3609,0.6116
blSTtZehjAZ8I,fear,happy,0.0633,0.7128
xSM46ernAUN3y,anger,neutral,-0.1439,0.5375
ui1hpJSyBDWlG,disgust,neutral,-0.1562,0.5003
UDGKJdRBbLmGA,fear,anger,-0.4153,0.6792
B0yHMGZZLbBxS,,anger,-0.4253,0.7442
G02xyBaTG6HlQdGmlz,fear,neutral,0.0032,0.4755
QKZfbgNK9oFkQ,disgust,neutral,-0.185,0.5369
QEIC6GZIEGStO,happy,neutral,0.2595,0.5969
XqpnXaeZPnupy,fear,sad,-0.3887,0.5415
l0HlGkNWJbGSm24Te,fear,sad,-0.5249,0.4577
3orieTfp1MeFLiBQR2,fear,sad,-0.3523,0.5595
11VMy2IyaTPjzy,fear,neutral,-0.1789,0.6358
1xmlZjWzQsUMHcO22Q,fear,neutral,0.0045,0.4696
SKcxqI1GiASU783uT2,fear,anger,-0.1135,0.7263
qi8Yhj4pKcIec,anger,neutral,-0.0997,0.5542
rIYsVhVAPOYwrNkL9A,fear,happy,0.1217,0.5933
nXxOjZrbnbRxS,fear,neutral,-0.2271,0.556
1r91ZwKcE2J7WhUqrh,fear,happy,0.5377,0.736
26uf14WIlvzuZkKLS,disgust,neutral,-0.1378,0.5131
CDZwopbecAbIc,fear,neutral,-0.2735,0.607
jnQYWZ0T4mkhCmkzcn,sad,anger,-0.4102,0.6409
2A75RyXVzzSI2bx4Gj,fear,neutral,0.0386,0.6354
3o6Zt6KHxJTbXCnSvu,fear,neutral,0.0285,0.4805
W3a0zO282fuBpsqqyD,anger,neutral,-0.2986,0.595
A8NkSPltT13H2,,neutral,-0.0378,0.5486
l4FGnZ5NlHuvHfthm,fear,neutral,-0.0691,0.4983
jSEFUIq3EE4oyX2Be4,anger,neutral,-0.1227,0.5504
xd9HUXswWPY1EEJ80a,disgust,neutral,-0.0749,0.4758
uJeO6fOk5mqek,,happy,0.461,0.7018
eruVMzXlb70oo,disgust,neutral,-0.0864,0.5415
1FMaabePDEfgk,disgust,neutral,-0.2428,0.5278
26uf10GWGaKqhD9Is,happy,neutral,-0.2265,0.6263
o8IYhdc8pKkIO70ATB,fear,anger,-0.4794,0.7342
Lqs62MVUrUWAC3R9TL,fear,neutral,-0.144,0.5366
73oW01Plu9O5HAOdEH,fear,anger,-0.2089,0.7532
3oriO5t2QB4IPKgxHi,fear,sad,-0.5339,0.465
fAhOtxIzrTxyE,fear,anger,-0.2247,0.678
l2JhORT5IFnj6ioko,fear,neutral,-0.1467,0.5145
2rAKTgJIQe1buYU1R5,happy,neutral,0.2595,0.5969
glvyCVWYJ21fq,fear,happy,0.4807,0.7067
QTmvjl8m8FvkVp0DfS,fear,neutral,-0.0527,0.5161
QSzTAwITkM0FO,fear,sad,-0.4021,0.5783
AQAmaajPiNbk4,fear,neutral,-0.0565,0.6479
l4FGGafcOHmrlQxG0,anger,sad,-0.5928,0.4775
ZubZqIeSsZ60t0ID9l,happy,neutral,0.302,0.5769
xT8qB308txoPb4P9Ze,fear,anger,-0.2655,0.6407
2hl086Ui4W4YU,fear,anger,-0.4334,0.7611
l1J9APRq3KpgBZhkY,fear,neutral,-0.0508,0.612
ZGH8VtTZMmnwzsYYMf,fear,neutral,-0.1392,0.5261
eV3B6VcUIrBFm,anger,sad,-0.4789,0.5642
piO6cmvxIK0A05MNkY,disgust,neutral,-0.2073,0.5577
3ohryhNgUwwZyxgktq,happy,anger,-0.0312,0.6799
2wSe48eAUC15p38UqO,anger,neutral,0.0101,0.556
mcH0upG1TeEak,disgust,anger,-0.2228,0.7046
DE2SPf5htCh36CU82c,fear,neutral,-0.0674,0.5043
Nw8z2olm0nGHC,happy,neutral,0.1721,0.5441
3oz8y0bx23FDPCNoEU,,fear,-0.3319,0.7163
58bVMncULfWf6B7SWy,fear,neutral,-0.0194,0.466
Btn42lfKKrOzS,fear,neutral,-0.0061,0.5179
d3YQCPcckxQiYibe,surprise,neutral,0.134,0.6733
vX9WcCiWwUF7G,disgust,anger,-0.5066,0.7703
3KC2jD2QcBOSc,happy,neutral,0.1007,0.6287
u5BzptR1OTZ04,,neutral,0.0364,0.5313
KRxcgvd5fLiWk,fear,anger,-0.4635,0.6306
vKHKDIdvxvN7vTAEOM,surprise,neutral,0.0704,0.6703
jAoMf14h0ZQQw,fear,neutral,-0.169,0.4857
q5ZGrl0J65ivu,surprise,neutral,-0.1488,0.6865
odBOv8bUeQL16,fear,neutral,-0.0735,0.4858
YPBvdXHxANHHi,fear,neutral,-0.1319,0.6322
l0HlRnAWXxn0MhKLK,fear,neutral,-0.1026,0.5111
2u11zpzwyMTy8,fear,anger,-0.2681,0.6735
26FxCOdhlvEQXbeH6,disgust,neutral,-0.234,0.5168
5q3NyUvgt1w9unrLJ9,fear,anger,-0.2527,0.6728
8x8XzoP8qQa4w,,neutral,-0.035,0.5345
kDUG0IQtZq7P1AafEK,disgust,neutral,-0.0262,0.5121
S99cgkURVO62qemEKM,fear,neutral,-0.037,0.5192
5xtDarIN81U0KvlnzKo,fear,anger,-0.3984,0.6614
26n6PuZLWc5SkQ7bq,fear,happy,0.1986,0.611
3o7527pa7qs9kCG78A,surprise,neutral,-0.2069,0.635
iXOoi6i2l9PZvCN0zU,anger,neutral,-0.1109,0.6072
5QMOICVmXremPSa0k7,,anger,-0.1964,0.6742
5o74cnmOBrqdW,fear,neutral,-0.2429,0.6127
IeWbqFs6WX6IetZCKO,happy,neutral,0.1137,0.5513
3o751ZKB91R8ZvMvde,anger,neutral,-0.017,0.5077
9qIQcHFew1dAs,fear,neutral,0.0655,0.61
6BZaFXBVPBtok,,anger,-0.4851,0.7507
OMsLlke4MWlmE,fear,sad,-0.5732,0.4268
l4JyX3V0yydvPHNBe,fear,sad,-0.4541,0.469
I8zGepJNKOGL6,fear,anger,-0.274,0.6408
3o85xHi4t2UsuIY9QA,anger,neutral,-0.1112,0.5252
w89ak63KNl0nJl80ig,disgust,anger,-0.3009,0.6275
joV1k1sNOT5xC,fear,anger,-0.4697,0.7442
gw3xkBBCnpvr77Dq,fear,sad,-0.1367,0.6486
26FPBDkw3OF35BJpS,disgust,anger,-0.4872,0.7132
nuRXXyy020kta,fear,anger,-0.1125,0.6459
YVYWXf3bHcNnQHRPUU,fear,neutral,0.023,0.607
Yo8aQ2rknmOjhpvioG,fear,neutral,-0.0815,0.5948
zt6XoZ4r6nHVJO5cnM,anger,neutral,-0.095,0.5336
CcLaILAAOhvgc,fear,neutral,0.0585,0.6114
8F3bK4aq1tCo0TLkf7,fear,neutral,-0.1195,0.475
3o6wrvdHFbwBrUFenu,fear,anger,-0.544,0.6134
7T33BLlB7NQrjozoRB,fear,neutral,0.0444,0.5489
mEtSQlxqBtWWA,fear,anger,-0.1993,0.6924
j8sVwJid3NdjG,fear,neutral,-0.0736,0.5365
NipFetnQOuKhW,,neutral,-0.1866,0.5527
3FjEPbKqEPhPpmC8uY,fear,sad,-0.4328,0.6481
whOs1JywNpe6c,,anger,-0.0391,0.675
l0HlMG1EX2H38cZeE,fear,happy,0.3445,0.6761
aX5KEfKKzyGjBbYPjE,anger,neutral,-0.2181,0.6101
IThjAlJnD9WNO,fear,neutral,-0.0325,0.5604
8vIFoKU8s4m4CBqCao,fear,anger,-0.45,0.7406
MREZajNc2bbkl3gIQv,fear,neutral,-0.0719,0.5598
AgzqoYQpA3N4Y,fear,neutral,-0.0175,0.5911
C1L8yq5ZEz0cg,fear,anger,-0.4681,0.6692
Tcq8dtZyqEYbIpppSL,fear,neutral,-0.0918,0.5101
Phzg1XZgJTeZG,,neutral,0.1251,0.5675
Hgy8F9wshu3wk,fear,neutral,-0.0769,0.5464
S7jznj1TlqH9otxZux,fear,neutral,-0.0333,0.4799
LOQyoLIojnizS949is,anger,neutral,-0.2288,0.5873
Olr6bYzpBx2JG,anger,neutral,-0.1229,0.5567
dM2xuxnJCg4H6,,anger,-0.4631,0.7794
h4HKkpKmTDEouZ0WER,disgust,neutral,0.0086,0.4956
36qnm6xRzruzm,,neutral,-0.1333,0.5747
zK5EHMbtwfW1O,fear,anger,-0.3697,0.7067
W3fVzsrPYMLb23pNOB,anger,neutral,-0.2136,0.6061
MAuWs1rqbfHFMWUCYH,disgust,neutral,-0.1331,0.594
SwTyOUq3VjpHpXb2Bw,disgust,anger,-0.4687,0.7696
3o6ZtfHiJhG5Cja2Q0,anger,neutral,-0.2473,0.601
26n6WywJyh39n1pBu,fear,neutral,-0.0884,0.5691
VdiQKDAguhDSi37gn1,fear,happy,0.1511,0.7479
MJs7EYwHyG8XC,anger,happy,0.1577,0.6913
3o7btNa0RUYa5E7iiQ,fear,neutral,0.0723,0.6183
s2qXK8wAvkHTO,fear,neutral,-0.0922,0.622
FBeSx3itXlUQw,disgust,neutral,-0.0463,0.5651
2dI7FZreQAp44,anger,neutral,-0.1789,0.5445
TLulTJKuyLgMU,,neutral,-0.0109,0.4989
l46CyJmS9KUbokzsI,anger,neutral,-0.0824,0.5256
MEeF0LoWyiaJnqFXol,,neutral,-0.0434,0.4759
9FXESPgQvtImnxGkCy,fear,neutral,-0.0298,0.5036
8wfu3AjTdgNyxfCF3z,surprise,anger,-0.3036,0.655
11Y9TiZzmEBe25QRSw,disgust,neutral,-0.148,0.4912
QYQ3PZ9UHje3S,fear,sad,-0.5231,0.5839
cp6XSkQcz8OnS,fear,neutral,-0.1047,0.5017
xT5LMHxhOfscxPfIfm,anger,neutral,-0.1714,0.5745
l1J9zYIsjPAyojfri,disgust,neutral,-0.2407,0.5958
iemyQLx2kEJpeCbX9O,fear,neutral,-0.1841,0.5907
l46CqLVMWzaJUFPLW,fear,anger,-0.2741,0.7253
1AjFk7MzJBT2UPYKLB,fear,neutral,-0.1198,0.6536
l3q2Z6S6n38zjPswo,anger,neutral,-0.1036,0.59
l0amJzVHIAfl7jMDos,anger,neutral,0.1646,0.6188
ohdmJuMIE08Ld7Jj0s,fear,neutral,-0.1718,0.5493
eJ4j2VnYOZU8qJU3Py,anger,sad,-0.5435,0.595
eDkLFTzSzT831YZPPK,disgust,anger,-0.4177,0.6724
tMyCJmeXHBetq,fear,anger,-0.2128,0.6877
8yyJH4yzqgx0Y,fear,neutral,-0.06,0.5052
108pHkwoGT5Fug,fear,neutral,-0.2312,0.5636
JpN6nbJqz5l3mbMnod,fear,neutral,-0.1178,0.5668
w8xvymsStCpQA,fear,anger,-0.2911,0.6652
TFrAXoBAAHPFk6bhwY,fear,neutral,-0.0754,0.5248
90snS7NNO9wcw,fear,neutral,0.1131,0.5908
1kTLyiPIppDiiQAapO,fear,neutral,0.1219,0.5692
2WdHaCzmqSkrwmIGWP,disgust,neutral,-0.0472,0.5194
xT9DPofgEkyu9t4wPm,,neutral,-0.2819,0.5666
kdFnWNSiDBVmzt1NCr,anger,fear,-0.4535,0.7862
fXK6nNrqoW9NNWWcPD,disgust,anger,-0.4217,0.7268
MNmyTin5qt5LSXirxd,happy,neutral,0.0501,0.6052
B1WBnRo9TPXMY,fear,anger,-0.3825,0.6127
LRVnPYqM8DLag,fear,sad,-0.5215,0.5115
bEVKYB487Lqxy,fear,sad,-0.3468,0.5001
l2JIdnF6aJnAqzDgY,happy,neutral,-0.0157,0.5661
2wYYlHuEw1UcsJYgAA,fear,sad,-0.3394,0.5222
7XsgvwaJvwJknPLZrR,fear,anger,-0.3953,0.6561
Q4Ua4VH1KE1POFjZWL,disgust,anger,-0.4827,0.7778
IJdNyWtTL7Bm0,fear,neutral,-0.1489,0.5955
hvAjltvsiJdmU3Ic8H,fear,neutral,-0.0949,0.6059
xT8qAY7e9If38xkrIY,fear,happy,0.0232,0.6982
ZqlvCTNHpqrio,fear,neutral,0.0964,0.6478
J2y6ZRvcKFQL71V7jA,fear,neutral,-0.0773,0.5351
V80llXf734WzK,fear,anger,-0.2953,0.795
5a2pxKL1x2sNi,fear,neutral,0.0423,0.5829
u10GReM6igVGg,fear,anger,-0.4538,0.7594
iFnBpFxFGetn8BH0vZ,fear,neutral,0.0115,0.6183
QLvRBqfLXCphu,fear,neutral,-0.0304,0.5639
1014RBn4HVSTK,disgust,anger,-0.3808,0.6873
3o7TKTDn976rzVgky4,disgust,neutral,-0.196,0.5016
4pLmsFRgjGxfW,,neutral,-0.0167,0.5191
rguj35cTYIH5u,,neutral,-0.0682,0.5917
fxe8v45NNXFd4jdaNI,,neutral,-0.1508,0.5498
QWw4hc5gTnJhY0BUI3,surprise,neutral,-0.1403,0.562
UqeZyb4iPRkMjjNTiq,fear,neutral,-0.0649,0.611
3i7zenReaUuI0,fear,anger,-0.3945,0.7862
xT9IgG50Fb7Mi0prBC,happy,neutral,0.2481,0.5964
qyyW7oaO8KCZ1BV6zl,fear,happy,-0.0735,0.7039
y4zA1xMdf4K6A,fear,happy,0.4557,0.7285
j1yDyxkXvdSG4mnEie,fear,anger,-0.3859,0.6235
VeqoDqdvj2J7bNVJFq,fear,neutral,-0.0451,0.5214
HChtj3gzcVsXK,,anger,-0.2412,0.7108
CUbiYQbsKSGAM,neutral,anger,-0.2535,0.7307
W0c3xcZ3F1d0EYYb0f,fear,sad,-0.4954,0.5186
3OyivykdfOYlkHXYKo,,neutral,-0.0669,0.5068
k75ngU7xpje0M,fear,anger,-0.4068,0.6836
14smAwp2uHM3Di,surprise,neutral,-0.1829,0.6249
3o85xGt3BKRhLLGG7C,fear,neutral,-0.0878,0.5396
XUojAIMYIIOQ9tpx2s,fear,happy,0.1566,0.6722
iFUN3WxRgjHFC0g8dO,disgust,neutral,-0.0622,0.6271
sbHeENxBcatck,disgust,anger,-0.2542,0.6511
faTOHi0omqCMU,fear,neutral,-0.1664,0.6287
l41lLuV3wRmJ0DxCw,,neutral,-0.1048,0.5399
3o6fJ0DVn4DhR4bcs0,fear,neutral,0.0832,0.5411
9uoYC7cjcU6w8,disgust,anger,-0.3262,0.6103
WiDQKfSZpgGwE,anger,neutral,-0.1191,0.5572
l0OXXpl20sY9G0uJy,fear,neutral,-0.0727,0.4952
wbXkGmM7YMgpCggnPB,disgust,sad,-0.5527,0.4409
l0Iy8G3PwyahZST2E,sad,anger,-0.3007,0.6603
MQ4bWOjn8C9tT2dzIb,disgust,neutral,0.1523,0.6328
P2MB29d7V3rhu,happy,neutral,0.1342,0.5673
H7kfFDvD9HSYGRbvid,anger,sad,-0.3175,0.4842
uLy4Bo680hZxm,disgust,neutral,-0.0712,0.488
i6IqXuLaTdqRW,fear,surprise,0.041,0.7576
l4pTky87QVuvbzwnS,fear,anger,-0.3291,0.6244
l46Cw3404vdkvNqAU,happy,neutral,0.0605,0.5595
B0uJ6d5OXb50k,,anger,-0.3418,0.7103
4Cpgf1zzMMy4w,,anger,-0.3024,0.6864
14ut8PhnIwzros,fear,surprise,-0.0403,0.6881
1ZDDyjTCygf1XPTSnW,fear,neutral,-0.2439,0.6173
5xaOcLGm3mKRQuDYCgU,fear,neutral,-0.2291,0.5871
WGvwSV5qjBJuYPbzcT,disgust,neutral,-0.0862,0.5178
2fT30GWbbLV5Rrsamz,fear,neutral,0.0012,0.474
ZBnc1WoZyneQ3D1DMk,fear,neutral,-0.1234,0.5297
Qjmp5vKEERPyw,anger,neutral,-0.1752,0.6283
PudZiAbQDUEik,sad,neutral,-0.1418,0.5087
M8x6Lk2QFmTu0,anger,neutral,-0.2151,0.5479
Y4nZrFcX7n4WfllsQP,fear,neutral,-0.0241,0.4779
S9crjCfQXC78ST61iv,fear,neutral,-0.0477,0.5154
kl98KEbDpICz93ruvV,fear,neutral,-0.1065,0.6906
dpnfPvaCIHBrW,disgust,neutral,0.101,0.517
vcchZddRulKhC6ugxv,,neutral,-0.0266,0.5831
3o6wrebnKWmvx4ZBio,fear,sad,-0.489,0.4744
HGvjR72DXRHWw,,fear,-0.2356,0.6701
ylyUQlf4VUVF9odXKU,fear,anger,-0.3948,0.7311
ZtMkorgeyRu5q,fear,anger,-0.2333,0.7515
HB03yGK1u1aYo,fear,anger,-0.4509,0.8
XFqJ7JjBRgnfFJVAqO,anger,neutral,-0.1748,0.6275
12SjEUcMRvd9Ru,disgust,neutral,-0.1244,0.5218
CYU3D3bQnlLIk,disgust,happy,0.3047,0.7098
nXQZ2BQ2VtbZC,anger,neutral,-0.0957,0.5206
h8HmN0UcEKR0xWnv3R,disgust,neutral,-0.1135,0.5101
229Pljon180JF07BaX,sad,neutral,-0.2338,0.5996
F9yAvk7Xpr0c,fear,,,
CnErThMyAIZZC,surprise,neutral,-0.0217,0.5571
XOywjQnU8R89q,fear,anger,-0.0163,0.7566
fr3Pne6vXVP99Fwdey,anger,neutral,0.2761,0.5979
lNrNLRLmpC3VIjl82D,fear,neutral,-0.0846,0.5395
32bSK4hOrtHfdIEIMV,fear,neutral,-0.155,0.5306
12Eo7WogCAoj84,fear,neutral,-0.1745,0.582
3oKIPwAaNhSKv0cfLy,happy,neutral,0.2978,0.6018
4LRkCWLi2MKOc,fear,anger,-0.4076,0.7908
Pgy4Na8aRyBuE,disgust,anger,-0.4859,0.7745
3oKIPaNwFhp3RV8T96,fear,anger,-0.4294,0.7269
l378w3xAvK2n94oDu,fear,sad,-0.3829,0.5252
11cnAGKJvhtTzy,fear,anger,-0.3326,0.667
5YnhzjBAOTd6B7KhiF,fear,neutral,-0.1627,0.6167
Ts9N22K8Jz7GURYmNd,happy,neutral,0.0611,0.4893
l46Cuu0O6xJ42z66I,anger,neutral,-0.1326,0.565
lMameLIF8voLu8HxWV,surprise,happy,0.205,0.7507
xT0xehfxlptGeeIvEk,disgust,anger,-0.1783,0.6166
GL7pY58bytJgk,fear,anger,-0.1034,0.7616
F3BeiZNq6VbDwyxzxF,anger,neutral,-0.2667,0.603
55itGuoAJiZEEen9gg,fear,anger,-0.4026,0.7581
Bp5dwyOW9BwbK,disgust,neutral,-0.2121,0.5711
QNQgqJ403Vcoo,fear,neutral,-0.2988,0.5948
kf9dfB18XB6JGM8J7s,happy,neutral,0.0262,0.5155
tyxovVLbfZdok,,neutral,0.0335,0.6224
K0ClvyocTTiHm,fear,anger,-0.2505,0.6921
I1nwVpCaB4k36,fear,neutral,-0.2059,0.5318
SuxKy4GcbDbBkl0ypo,happy,neutral,0.0725,0.5246
ND6xkVPaj8tHO,fear,neutral,-0.0952,0.5659
dvZSDOywoCM4Sro65Q,fear,anger,-0.2605,0.6932
l2R013mIf1ZXdvoyI,,neutral,-0.0815,0.5116
lkK7hFTOp1s4g,fear,neutral,0.0554,0.6032
3oEdv07JVXwhImYGWc,fear,happy,0.3923,0.7297
3o6Ztl5XZaXwjl6WEE,fear,neutral,-0.1981,0.5795
BxQ2nb982qWRO,fear,anger,-0.2055,0.6743
xTiTnkt1IjaaTWoPny,fear,neutral,-0.2622,0.6255
xT9IgrFpBehYYpMoPS,fear,neutral,-0.1685,0.597
tBvPFCFQHSpEI,fear,neutral,-0.0253,0.4623
9JjUbR2LO1aNgsHeUk,fear,neutral,0.1774,0.5443
5z4l8j1pSL72ffdt1P,fear,neutral,-0.1736,0.516
VGoZVlR9naOZCiRLSy,fear,neutral,0.1514,0.5831
XZkqrQeqkxelW,fear,neutral,-0.1155,0.5547
rdma0nDFZMR32,,happy,0.455,0.7159
3ohzdMk3uz9WSpdTvW,fear,anger,-0.4601,0.7736
4q0WNCNZUlxNC,disgust,anger,-0.2485,0.6475
3og0IExSrnfW2kUaaI,anger,neutral,0.0397,0.4883
Jj8vFfZNBcCsg,surprise,anger,-0.1896,0.825
l3vR3EssQ5ALagr7y,anger,neutral,-0.1677,0.5317
BEob5qwFkSJ7G,fear,sad,-0.602,0.4051
111ebonMs90YLu,happy,anger,-0.422,0.6146
wDA04DFvg2WgTRB4z1,fear,anger,-0.4391,0.6571
zhRA0okWxTGiu78uSk,fear,neutral,-0.0524,0.5193
cO2aFd1s5jIyL38xzb,fear,neutral,-0.159,0.5641
J336VCs1JC42zGRhjH,disgust,neutral,-0.1605,0.5482
JFtBdzISY7tpS,disgust,neutral,-0.045,0.6388
1iTHPSWUwhzOCtA4,disgust,anger,-0.3933,0.7731
8Eup943BRqxbO,fear,anger,-0.4354,0.7516
tABM19ZPcjvNRF0yuNq,surprise,anger,-0.3191,0.7979
vkwAeqMEUSaoU,sad,anger,-0.2512,0.6248
35MEvkAhDMMzBE0Re5,fear,anger,-0.3389,0.6849
NRtZSQqTSCt5gyebtH,disgust,anger,-0.4932,0.7888
F0uvYzyr2a7Li,fear,happy,0.0874,0.6781
d4gmlMeqAHu9O,disgust,anger,-0.3262,0.6788
6fScAIQR0P0xW,fear,anger,-0.3337,0.7102
13AurJL9v5Oo48,disgust,anger,-0.2807,0.6818
vf5TjQrio0TBK,fear,neutral,-0.0116,0.4645
o0eOCNkn7cSD6,fear,neutral,0.0155,0.567
EyAiUnM8fdvLq,fear,sad,-0.5818,0.5017
9M5jK4GXmD5o1irGrF,fear,neutral,-0.2536,0.5752
QoZunxgU0Z1i8,,anger,-0.4141,0.7676
ZX1knKISQDLZS,fear,anger,-0.2448,0.6522
hAcDHEhZHA2bu,disgust,neutral,-0.1083,0.567
a0h7sAqON67nO,fear,happy,0.3131,0.7323
3BMtWpQEVqwNk1aNWR,fear,neutral,0.0554,0.6032
HxtPXNp0ahLyM,fear,anger,-0.4848,0.6795
9UPuJPbiHwo8,fear,neutral,-0.1187,0.5322
13zsHptDEHdy4p5SdJ,disgust,happy,0.3208,0.6553
KzKXmxsMue4CSxzYBK,,fear,-0.3403,0.7
K4x1ZL36xWCf6,,anger,0.0251,0.7229
H4zeDO4ocDYqY,fear,anger,-0.3306,0.6653
39zbpCQocXLi0,,anger,-0.2993,0.6885
y8Mz1yj13s3kI,,anger,-0.1099,0.7608
opP9JMYfG9a1y,disgust,anger,-0.047,0.7298
qyjexFwQwJp9yUvMxq,surprise,anger,-0.1608,0.6579
xT5LMESsx1kUe8Hiyk,fear,anger,-0.4573,0.7
h7zqTXl02vFPI9BzFo,anger,neutral,0.0978,0.5624
4GXUa4U05Q0JAM972c,fear,anger,-0.4035,0.7548
Lm62AlSEQqhimpM59W,fear,neutral,0.0738,0.6128
BzyTuYCmvSORqs1ABM,fear,neutral,-0.1097,0.5764
26BGqofNXjxluwX0k,fear,neutral,-0.1486,0.5364
RJDeT0RlOiSyXtJHPN,disgust,neutral,-0.0146,0.4641
x7gjmBuaHrWak,sad,anger,-0.3832,0.7104
l2JhIUyUs8KDCCf3W,anger,neutral,-0.0608,0.5137
Kg3HfmbPOGJggjjS31,happy,neutral,-0.1235,0.5816
JY10DEdL8aq5VsMmIV,,neutral,-0.0378,0.5268
l3UcjBJUov1gCRGbS,fear,neutral,0.004,0.5527
DjqxZ0E5cKYCI,fear,anger,-0.3061,0.6855
QJvwBSGaoc4eI,fear,neutral,0.0441,0.6195
NRWFU8lq7hCXS,fear,neutral,-0.1877,0.6445
1wXeSsw3kApQhOkCBI,fear,neutral,-0.0439,0.5724
XZ1Inh7TApFrWItNLZ,fear,anger,-0.2521,0.7701
xiAqCzbB3eZvG,fear,anger,-0.3299,0.7211
frBkZkz9tepdTOhsTY,fear,neutral,-0.0258,0.4855
3owyoUHuSSqDMEzVRu,fear,anger,-0.4359,0.6609
T1WqKkLY753dZghbu6,disgust,anger,-0.4898,0.6468
JmVcakKIdojgpBC2iw,fear,happy,0.4844,0.7446
pYRYdnMICWmti,fear,neutral,0.0765,0.5983
godMk62fXqpgY,fear,neutral,-0.2849,0.5844
spfi6nabVuq5y,disgust,anger,-0.4794,0.7443
yoJC2B1sHdXJjPTnEs,anger,sad,-0.3735,0.5771
916t1VsCg2qoo,,neutral,-0.2091,0.5405
B2gjQBPiMz5OWmGGtd,disgust,neutral,0.1773,0.6115
DrJm6F9poo4aA,disgust,anger,-0.3851,0.6512
XfT1Xb2O2ShHy,disgust,neutral,-0.1152,0.6618
vyTnNTrs3wqQ0UIvwE,fear,anger,-0.4569,0.7689
l2JhL1AzTxORUTDlC,fear,anger,-0.1775,0.7209
Xb9q0u6s1fogE,,neutral,-0.1462,0.5893
3oz8xtd06ZcBwP4yFW,fear,neutral,0.1028,0.6203
VB5WwlZIt8eRy,fear,anger,-0.3224,0.6361
3o7TKpGT1RLRHlP7s4,anger,neutral,-0.1185,0.5244
3kACvwjyzgOdqE3GWT,fear,anger,-0.2973,0.612
UDjF1zMreMld6,fear,neutral,-0.1164,0.5546
p39qWGHTpfY0o,fear,neutral,-0.2151,0.6134
dmcQ75lZdh4Hu,fear,anger,-0.3745,0.7384
PSxPL6jjDnpmM,fear,anger,-0.1328,0.6453
GJVpbMjfT2Ftm,fear,neutral,-0.1459,0.5413
LSQjPniAHL31zPrXB0,disgust,neutral,0.0464,0.5535
BVSMbtX5ZRGqwnCQnX,disgust,neutral,-0.0449,0.5338
RLbVBYIRHSEAhLUY83,fear,anger,0.0135,0.7359
bICQ9RDUI2JGM,disgust,neutral,0.0409,0.5184
l3V0lsGtTMSB5YNgc,fear,neutral,0.1612,0.5303
BY8ORoRpnJDXeBNwxg,disgust,anger,-0.3853,0.5815
LwPL5COt330VW,fear,neutral,0.2854,0.599
3httMSE1V6YBqWGJYj,surprise,neutral,-0.172,0.5843
kR6jwhI4fGN4OeRvp1,anger,sad,-0.4001,0.5081
ZpHo8PxOtUTU4,disgust,neutral,-0.1042,0.5585
WWnyPSQDjQDIc,happy,neutral,0.0173,0.6189
3HGJ1r2dDSyk82QfVv,fear,anger,-0.2426,0.6891
GKliD9i20iP8k,anger,sad,-0.5226,0.6134
13Cmju3maIjStW,,fear,-0.3733,0.7877
cfuL5gqFDreXxkWQ4o,fear,neutral,-0.0117,0.4852
eaECZB7V6GACc,fear,anger,-0.4746,0.7884
bAftZ12SC0uEjLndIh,fear,anger,-0.2255,0.6286
RK9havaWZzZy9US10A,fear,happy,0.3194,0.6661
Km3veWaZ6Drzi,fear,neutral,-0.0919,0.5087
VbnUQpnihPSIgIXuZv,disgust,neutral,0.0133,0.4927
NMSv7V3QFUoF0ZLlkr,,anger,-0.4447,0.7639
xUPGcEw56dJj3fJFJe,fear,neutral,-0.0493,0.5452
nV92wySC3iMGhAmR71,fear,anger,-0.0113,0.7428
15aGGXfSlat2dP6ohs,disgust,anger,-0.2065,0.6598
AUYhIMdGrg23e,fear,neutral,-0.0917,0.5427
3rgXBOmTlzyFCURutG,fear,happy,0.5398,0.7193
Wn74RUT0vjnoU98Hnt,fear,neutral,-0.013,0.5155
1tyxlEXJmyLxqpdMc2,fear,neutral,-0.1202,0.5608
Ae7SI3LoPYj8Q,fear,anger,-0.0917,0.7363
X72n4nm6I06g8,fear,neutral,-0.075,0.4831
Jlt69Ka6SwtH2,happy,neutral,0.093,0.6449
3o7aDf4EepHQdQvcnm,fear,neutral,-0.0199,0.5315
12WgrmWEDsKN7q,happy,neutral,0.104,0.6057
tZyxxR4lUIRnTgIzl9,fear,neutral,-0.1778,0.5411
qml7DrbfkXPCU,fear,sad,-0.4562,0.507
spHCUbRqG4cjS,happy,anger,-0.224,0.6503
oGO1MPNUVbbk4,surprise,neutral,0.062,0.5713
gf5lHEzYVU8DoVVlhs,fear,neutral,-0.2243,0.5175
DeobURBiyoMRFO4GqD,surprise,happy,0.3799,0.6641
KZSpViVNAsf3ISujrS,fear,neutral,0.0691,0.609
l0MYMeHmXIweyrmO4,happy,anger,-0.0809,0.7226
l2Sq29cFXoF80ADlK,surprise,neutral,-0.0161,0.6567
YUHWYvPAd3XUmD3IUO,anger,neutral,-0.1602,0.5773
brHaCdJqCXijm,fear,happy,0.3737,0.6498
gVoBC0SuaHStq,anger,neutral,-0.0992,0.5385
4FUBiv8zgxezS,anger,neutral,-0.1693,0.6612
3ohze3kG5qO9DcTUbe,disgust,neutral,-0.149,0.5732
xUOwGdA2o7E4TPJICQ,fear,happy,0.158,0.7751
l2SpKF3z2hbcrRdkI,fear,anger,-0.4223,0.7376
gon7xnY40H3tfi23Fv,happy,neutral,0.3169,0.5971
ehJ4vNWRhinhMMvLxp,disgust,anger,-0.2436,0.6747
mh7DKz8UhQQGk,fear,sad,-0.5626,0.5196
xxLszVeawO8zS,fear,anger,-0.1349,0.7142
3ubqmFn2F7ytq,fear,anger,-0.3238,0.6679
R8bcfuGTZONyw,fear,anger,-0.2917,0.6787
9Vrv7XpUmgK4N9Rcy4,happy,neutral,0.2165,0.5514
PtdOBG0BD9Vvi,fear,happy,0.2504,0.7078
26vUSsA7qFftHrgCk,fear,neutral,-0.0721,0.5689
Yrf4iFfPhuoj10lEBf,fear,neutral,-0.0215,0.468
l0HTYUmU67pLWv1a8,happy,neutral,0.2657,0.6037
xT5LMRMGxjCAX5LaGQ,fear,neutral,-0.0729,0.6059
4Tkagznwgrv6A4asQb,happy,neutral,0.0876,0.5015
A9grgCQ0Dm012,fear,anger,-0.2902,0.7231
3ohhwgmWRebr8jTO24,fear,anger,-0.3418,0.651
VJ2B0I6t2HEUE,fear,neutral,0.0923,0.6166
T9YdDlG5gHj6U,fear,neutral,-0.1479,0.6254
6iqC9RMzopnjO,fear,neutral,-0.0898,0.5748
UAmdO9mDnFJCllRisF,fear,happy,0.3457,0.6501
BKqoHeHlbcRvW,fear,neutral,-0.1714,0.6608
OcOAlmaKKB0ze,anger,neutral,-0.1298,0.6124
aOPINgmqpVXNK,fear,surprise,-0.174,0.7405
3IR7QlN4MfvvW,fear,sad,-0.4694,0.5897
oCnqvqgc1H1Ac,fear,neutral,-0.12,0.5531
Z9OGuQyrfHAE8,disgust,anger,-0.2257,0.6726
fBM4ruLmB2pZHsgwtQ,fear,anger,-0.4554,0.6764
Z5eFxoKjf218c,fear,anger,-0.3543,0.6777
lrc1TZHRYxj7lGM3Vg,fear,neutral,-0.164,0.5598
pFZTlrO0MV6LoWSDXd,fear,neutral,0.078,0.5714
NThEU4CNcuw4HNEBjR,fear,neutral,0.1869,0.571
12zgyJya7QwQKI,fear,anger,-0.096,0.6621
51Uiuy5QBZNkoF3b2Z,fear,surprise,-0.1652,0.7829
CkKg32KdKyMve,anger,neutral,-0.275,0.5752
4QFAH0qZ0LQnIwVYKT,anger,neutral,-0.259,0.6021
4TMqcN59kg3Yc,fear,anger,-0.3816,0.8102
Az9OGzoLHklFe,fear,neutral,-0.2011,0.5341
IedrY2VP5IO5ivDQAD,happy,neutral,-0.0124,0.4888
c793Kq1vwkss8,fear,neutral,-0.1855,0.6436
ZfK4cXKJTTay1Ava29,disgust,neutral,-0.058,0.5661
kFgzrTt798d2w,fear,anger,-0.4467,0.6893
xTkcExjXuOJj69fVv2,fear,neutral,-0.0641,0.4948
jUwpNzg9IcyrK,disgust,neutral,-0.0846,0.5432
3xkNUy3Vh8QbPmJZjK,surprise,happy,0.2024,0.6905
8rFgzA7aBR0aomiOMj,fear,anger,-0.2224,0.7607
3o72EY1qUVrnHw5vnW,anger,neutral,-0.1091,0.5478
zJA5yw4qlvmaA,fear,anger,-0.463,0.79
l2JhOVyjSHGejoXXq,disgust,anger,-0.3614,0.5829
swpCsxJSgSCxq,fear,anger,-0.2521,0.7583
ITUN5MayY4XLvAzhoc,fear,neutral,-0.1925,0.5839
3og0IHyZMxZNkNOWT6,fear,anger,-0.4642,0.6927
3oKIP71oD2Sdr66mYg,fear,anger,-0.3345,0.6385
8vOmDCcVfSIG4,disgust,sad,-0.3703,0.5076
XGn6xLsliW1dLnQY92,fear,anger,-0.367,0.6939
3EiNpweH34XGoQcq9Q,disgust,neutral,-0.0652,0.5777
fTtQ3j1q9RHHuR8Uh3,fear,neutral,0.1292,0.5916
wyOuDJ2bJoEnu,anger,neutral,-0.1311,0.5796
i5wNCqyMzY2Oc,fear,happy,0.2357,0.6569
xT8qBhrlNooHBYR9f2,fear,neutral,-0.0448,0.5565
ap3pWLoXFDweonps9D,fear,anger,-0.4078,0.7467
mxS35oXzrRWQLn0c81,anger,neutral,-0.0686,0.4997
UGGe8BBrkuAUM,fear,anger,-0.3113,0.6416
OFVSMgITvTQSsHcvCe,fear,happy,0.3205,0.6679
A7glKaSuRNd5lN0dJU,anger,happy,0.2193,0.6829
QxwDfOV4sAfounkNsG,surprise,anger,-0.0592,0.7035
3osxYcwi3hCVbzNYqY,fear,neutral,-0.2488,0.6045
pCO5tKdP22RC8,disgust,neutral,-0.2581,0.6036
rbsL67KdPgYVO,fear,anger,-0.2368,0.6407
xT0GqssRweIhlz209i,anger,sad,-0.4615,0.5465
eqLowZa79LwOI,fear,neutral,-0.1182,0.6347
l4Ki6oZ4oPrrgLl9m,fear,anger,-0.4576,0.7856
iSKFtpF2HzneE,disgust,happy,0.1822,0.6275
cO39srN2EUIRaVqaVq,fear,anger,-0.2514,0.635
uFyxi4tV0NF7AKvysO,,neutral,-0.0501,0.5009
Wn6dI709QqqJidc5oi,fear,neutral,-0.2031,0.6124
GB4N7W7OP5iOk,fear,neutral,-0.0396,0.5735
Lr3UeH9tYu3qJtsSUg,fear,happy,0.5166,0.7483
U4jM3IeIVd6VOyeLa7,fear,neutral,-0.0735,0.4922
RtXueZ1RxcBna,fear,neutral,-0.1734,0.5864
9u514UZd57mRhnBCEk,fear,surprise,-0.0889,0.8418
XZVYAstOMLUDndgFPS,,neutral,-0.0233,0.5664
PaiePPzQ8AtCU,fear,neutral,-0.0471,0.5989
l378b59fSuMV12tzO,fear,neutral,-0.2084,0.6606
crQe212qPHGfu,fear,neutral,-0.2161,0.5941
sEms56zTGDx96,fear,anger,-0.2759,0.7444
KyyJRhwZClyEM,fear,neutral,-0.1272,0.6597
4ZrFRwHGl4HTELW801,disgust,anger,-0.3439,0.7744
HcmgjlrPVKr6w,fear,anger,-0.3048,0.6775
hLUiXoGKNIVb2,fear,sad,-0.5593,0.5383
kXa6snIv0QR8VilXTb,fear,neutral,-0.2862,0.5802
XdUMiySExIdwvsPOpP,fear,anger,-0.2145,0.7617
DfdbTJZx6Yjra,fear,anger,-0.3497,0.7277
Lopx9eUi34rbq,fear,anger,-0.3065,0.781
tdnUaMuARmi0o,disgust,neutral,0.1264,0.5428
ycagKBYEmaili,fear,sad,-0.2541,0.6395
TcKmUDTdICRwY,anger,neutral,0.2089,0.6239
13NaYABDVhT7a,surprise,anger,-0.3219,0.7433
1kfhoNWKY94uLGX2kO,disgust,anger,-0.3143,0.7457
5fBH6z8aMV1RbA4FaSc,fear,happy,-0.0677,0.664
Ql5voX2wAVUYw,anger,sad,-0.4224,0.5649
xThtatVgZVprKd3UEU,fear,neutral,-0.2774,0.5869
emR6Upn5la4hO,fear,neutral,0.0012,0.5259
dARBobpMMCXTO,fear,happy,0.299,0.6751
ZRiMLJWIzQ3kc,fear,neutral,-0.0599,0.5605
rzKSHEMN0lVkc,anger,neutral,-0.1538,0.5805
pUeXcg80cO8I8,happy,neutral,0.2646,0.6257
fnK0jeA8vIh2QLq3IZ,disgust,anger,-0.4774,0.7455
RFmjTxTo50pkQ,,neutral,-0.067,0.4872
Y5wlazC8lSVuU,fear,anger,-0.3684,0.7053
I1r5jpUvdGra8,fear,anger,-0.2526,0.6422
3dhBaH8VO2JRsIlvoR,disgust,anger,-0.1758,0.7117
10UUe8ZsLnaqwo,disgust,neutral,-0.3011,0.5671
14wvv11LhZRb6o,fear,neutral,0.0704,0.5483
1hMhlrWWfXU77iYnBB,fear,anger,-0.4417,0.6875
4nhjUdxCGjsDm,anger,neutral,-0.1382,0.581
XenWVVdSzaxLW,fear,anger,-0.1073,0.7482
1hMhl5fpuLldDqj0Ey,anger,neutral,0.0337,0.6108
3orif7aLUehOfdmlXy,fear,anger,-0.3184,0.6584
KyS5Ilk5RR5ygeipqi,fear,neutral,-0.0383,0.5021
Vhk9HwPx3TO0w,fear,sad,-0.5287,0.5014
p3Tlnu6jY1cNq,fear,anger,-0.3593,0.6868
l2SpXyO9TOJCrCbo4,surprise,happy,0.109,0.7815
dXFKDUolyLLi8gq6Cl,anger,neutral,-0.1093,0.5252
dtHSULwMPmBaVMB8Pu,fear,neutral,-0.0525,0.5252
26BRL3pw98MWNOy0U,happy,neutral,0.127,0.5822
PnDRNekrgtHh5jXMna,disgust,neutral,0.1796,0.5588
IhPXkHVji28ACMNEnG,fear,neutral,-0.14,0.5132
KGSxFwJJHQPsKzzFba,anger,neutral,-0.2312,0.5825
l0HlPystfePnAI3G8,disgust,neutral,-0.0199,0.5548
kaBU6pgv0OsPHz2yxy,surprise,anger,-0.2628,0.6786
cgh25bl5dgK3u,anger,neutral,-0.275,0.5752
cluPrSA0N3zmxmwhq3,anger,neutral,0.0407,0.5394
bP0y34GHtOzp6,fear,anger,-0.4846,0.7852
DGZVi7pqVq7rq,fear,happy,0.3469,0.6944
QyVRW5Rze7zWeDpaim,neutral,anger,-0.3082,0.6844
KEf7gXqvQ8B3SWnUid,happy,neutral,0.2547,0.5989
YSfb5vx87BpAU1P9MG,anger,neutral,-0.1167,0.5409
rjkJD1v80CjYs,fear,happy,0.0888,0.7431
jAaZrqnaxchHy,disgust,neutral,-0.1844,0.5887
wrBURfbZmqqXu,fear,neutral,0.1596,0.5852
icuYWSF0OqvRu,fear,happy,0.1122,0.6554
h26R1JMxiqYpwp0rkF,fear,neutral,-0.1566,0.5115
YTRUPHI7fXK6s,disgust,happy,0.3952,0.7231
26BRwW3ckGjcZmsxO,disgust,neutral,-0.0174,0.6169
3oAt2dA6LxMkRrGc0g,disgust,neutral,-0.1028,0.5473
13aSSyJaI5NkTm,disgust,neutral,0.1328,0.5832
Js77KmSnJPfSj9D5qj,,sad,-0.6222,0.3829
1dMNqVx9Kb12EBjFrc,fear,neutral,-0.1051,0.5559
3ohhwH6yMO7ED5xc7S,disgust,anger,-0.4629,0.606
tJeGZumxDB01q,disgust,anger,-0.4877,0.7758
XHTuwW3v4O8NLAek2T,fear,neutral,-0.2611,0.6737
3o6ZtihIv0pJqdp3H2,fear,anger,-0.4598,0.7719
2gtoSIzdrSMFO,,neutral,0.1293,0.6029
VdWnBa31M6BeY1Iv11,fear,happy,0.2206,0.672
mv7FcziOrIp6o,surprise,neutral,0.054,0.6178
mguPrVJAnEHIY,fear,happy,0.1694,0.6443
lPuW5AlR9AeWzSsIqi,fear,anger,-0.3378,0.7111
kyLYXonQYYfwYDIeZl,fear,happy,0.4246,0.6788
hv53DaYcXWe3nRbR1A,fear,sad,-0.3785,0.5447
3oz8xZvvOZRmKay4xy,fear,surprise,-0.1885,0.7006
2rFFoZpkvkrFm,fear,anger,-0.4174,0.7659
MuHJcSI9ySLsrNo59Q,disgust,neutral,0.099,0.549
CK0Eg2ymtfzTO2yVJD,fear,anger,-0.3171,0.7687
Qc8GJi3L3Jqko,disgust,anger,-0.2744,0.7017
8qABb3dgjun8PdNirg,disgust,neutral,0.0734,0.5491
8OJdqYqN1Nii3UTD6l,fear,happy,0.1107,0.6011
3q3QK6KyDVUBzih7hB,disgust,neutral,-0.1336,0.4889
l41Yjxgri1j9ttpn2,fear,happy,0.1744,0.6714
qW76IdtQdCJPi,disgust,neutral,0.052,0.5627
l0Hlzvj7HJphrudLa,disgust,neutral,-0.2048,0.506
l1TJVLJM0hfnGJjE4t,fear,neutral,-0.0753,0.5165
5xtDarug64SUy2DbT3i,fear,anger,-0.2607,0.649
11z8mwhw0jxQiI,fear,happy,0.2096,0.6312
FewWnPgdsApO,,neutral,0.0504,0.5605
12XDYvMJNcmLgQ,fear,neutral,0.1076,0.6249
26gsjCZpPolPr3sBy,happy,neutral,0.2129,0.6064
QuTOdlwvMl5lHKbpRC,anger,neutral,-0.0522,0.5738
C0NhnyKT89QdO,,neutral,-0.0528,0.6049
4SQMqhWzUA0Fi,disgust,neutral,-0.0754,0.6422
AcfTF7tyikWyroP0x7,fear,neutral,-0.0872,0.5698
4baoNZ5Qo8dX2,surprise,anger,-0.458,0.6229
nm53RKtqcczp6,,anger,-0.2721,0.6526
l1mWVtaB64CotWaNck,anger,neutral,-0.2154,0.6376
J67tc7pMoTrRlkUikG,fear,neutral,0.2537,0.5901
26xBRiIYbyjCzYMAU,,anger,-0.1549,0.6171
3o6Zthqgss4W4klvZC,fear,neutral,-0.2794,0.6437
50i6YRZxEiqkM,fear,anger,-0.2701,0.6297
4ZmwJKGWIs6uE4oYsl,fear,neutral,0.131,0.6184
4EF5LwiRfpBKQUOsoF,fear,neutral,-0.3109,0.564
W12WAzuqod9VS,anger,happy,0.432,0.7242
iH2IldVkqeLuJ7eJ0L,fear,sad,-0.3676,0.5661
YqzaEZyLiJXl5MBBZh,anger,sad,-0.6251,0.3712
gBW8Qgfaa2ije,fear,anger,-0.356,0.7069
l2JhpjWPccQhsAMfu,fear,sad,-0.4931,0.5943
mpB75VlHUWWmIX3WbN,disgust,neutral,0.0017,0.49
tj5v01sQumzCg,fear,neutral,-0.1065,0.5238
rTC4zW9bTu5uPwdqsO,fear,neutral,-0.181,0.6382
juRsmsnhUQJs4,fear,anger,-0.4767,0.7697
dL5qLAlhMn3va,fear,sad,-0.4257,0.4665
FMJIaIm1CWbss,sad,neutral,-0.0116,0.5242
6uGhT1O4sxpi8,fear,neutral,-0.2367,0.6005
SXrHiYiKZOCrhH2zbx,fear,sad,-0.6139,0.3995
FWZ1OyaAtsnQs,disgust,neutral,0.0592,0.6562
2wgWdnnajgQIyjvnNy,happy,neutral,0.1731,0.5921
WnIk1n6ZjGLJoPIj17,fear,neutral,-0.1049,0.5364
Y6yRfR88rvP44,happy,neutral,0.1741,0.6237
rNgT8P8pL3dn2,anger,neutral,-0.1659,0.5684
YskWGYGHInKhYK630B,,neutral,-0.1411,0.5618
aq6Thivv9V9lu,anger,sad,-0.5503,0.577
Zrq2FgRy6w1eU,fear,anger,-0.4853,0.7532
l2YWhOEwfSAnJNJEQ,fear,anger,-0.3299,0.6708
l3nWsk8Baqk1cJNVS,,fear,-0.3098,0.7495
LXfpI3nNbfCm91llsA,fear,neutral,-0.0371,0.5713
YEL7FJP6ed008,fear,anger,-0.3248,0.7735
E2UlE5Of9zEjK,fear,anger,-0.3767,0.6215
CyIkFYHRZYkHS,fear,neutral,-0.0169,0.5185
2dQ3FMaMFccpi,disgust,neutral,-0.2111,0.628
rmi45iyhIPuRG,disgust,neutral,-0.1841,0.5386
wuNm0Y6erUpJ6,disgust,neutral,-0.0945,0.5122
elz0eJtRtXXt18uFju,fear,neutral,-0.2419,0.6604
l2RdUvClCHDTvNnU2j,,neutral,0.0247,0.5027
dCFjd3noTEMJQb70ei,happy,neutral,0.0617,0.5428
qMglJBxVpN6fJgtV5c,fear,anger,-0.3862,0.7237
uk4Va5MkRp2bfkOk6f,happy,neutral,-0.115,0.5246
ZCU3YxmmD8lh6savbB,fear,anger,-0.2706,0.6657
h1uchvpmq4h3NiBhG1,fear,happy,-0.0079,0.7287
YqaqeODWhsbK0,,happy,0.5066,0.723
TIHzMj6YXRNCvmPkRw,fear,neutral,0.2395,0.6285
1guRIREY9aVoblYv5gA,anger,neutral,0.0137,0.5372
11rIergnpiYpvW,fear,happy,0.2432,0.7393
Ls6ahtmYHU760,sad,neutral,-0.0954,0.5692
PkRR4FkS5T43fo5Btn,fear,neutral,0.2096,0.5482
gQ2fLEOtl4F5m,happy,neutral,0.2465,0.6006
xUOwGgxZLBmqB87sic,,neutral,-0.1466,0.549
naUurBjhtVU4,disgust,anger,-0.1745,0.6516
kEKcOWl8RMLde,fear,happy,0.2499,0.6619
fDzM81OYrNjJC,anger,sad,-0.4571,0.5606
HUbUlOuDee8bC,disgust,anger,-0.4921,0.77
ODofCyJUSRoDBH8lKe,happy,neutral,-0.0097,0.5109
GwBr35cYXcxK8,disgust,neutral,-0.0004,0.54
PipqS8rFolj0393M1O,fear,neutral,-0.0525,0.4984
9tYwiwdFkvEoE,fear,anger,-0.1493,0.6724
OjZl1PO74VDwc,happy,neutral,-0.1113,0.5731
3ohs7PXpe3try4q9yM,fear,anger,-0.4902,0.7822
qr0FOwPgUk3Cw,happy,anger,-0.276,0.7448
hMKjvTYlSaFCU,fear,neutral,-0.0557,0.5961
dkuZHIQsslFfy,fear,neutral,-0.2897,0.5759
MZQkUm97KTI1gI8sUj,fear,sad,-0.505,0.4497
3ofT5EtPNBpIjC8jTy,fear,neutral,0.1,0.6198
3o7rc0qU6m5hneMsuc,surprise,neutral,0.0212,0.5424
EXHHMS9caoxAA,fear,sad,-0.1544,0.6068
3ov9jPghXAsbvLmcjm,,neutral,-0.1712,0.6014
LpkBAUDg53FI8xLmg1,disgust,neutral,0.0483,0.545
CX3HePN40vQytywUdZ,fear,neutral,0.0499,0.5694
rq6c5xD7leHW8,disgust,sad,-0.3771,0.5452
tzHn7A5mohSfe,fear,neutral,-0.0685,0.516
xIytx7kHpq74c,fear,anger,-0.3259,0.7205
l3UcD7vkCptuTGAX6,disgust,anger,-0.4631,0.7569
pVBUBqNdTdsVuiybM4,fear,anger,-0.2834,0.7061
xUySTVNHpdACknfKuc,fear,sad,-0.4707,0.5805
xUOxfmh4WOFTAm4WBy,anger,happy,0.3882,0.6497
Qv7y2Tl4ki7Ru,fear,neutral,0.0317,0.5069
ISOckXUybVfQ4,,sad,-0.5078,0.4331
xT8qBvOmIEWXxVPdxS,fear,neutral,0.0383,0.6058
cQtlhD48EG0SY,fear,sad,-0.5532,0.5462
xxCNsOokj8Rxp8EtUL,fear,neutral,-0.0349,0.4769
tze1mGedykiuk,fear,anger,-0.178,0.7609
l2SqeqTMuA2h2QKic,surprise,neutral,-0.1185,0.5111
lnlAifQdenMxW,anger,happy,0.1106,0.7375
e6TR9n00dL3JS,fear,happy,0.0174,0.7319
1Qiu5tdaHkqt2,fear,anger,-0.4362,0.7643
3oz8xvN8yixXiqxrkA,anger,sad,-0.3415,0.5611
HPvfnOuz1tOgg,fear,anger,-0.2149,0.6579
3o6Zt62PeJeFUDwBUI,fear,neutral,-0.0018,0.5006
Fkmgse8OMKn9C,surprise,sad,-0.2843,0.6133
l4Ep6uxU6aedrYUik,disgust,sad,-0.6028,0.4341
ZXxRLy7AGDafHSE9no,fear,neutral,-0.2714,0.625
gE6IUBRWZd744,fear,neutral,0.1819,0.5925
vreFPhWOHsCWS6bQCA,disgust,anger,-0.2232,0.7173
l3V0j3ytFyGHqiV7W,fear,anger,-0.4531,0.774
gePUWJ4AXHu92,fear,neutral,-0.2039,0.4992
x4O0fjpQfoBZS,fear,neutral,-0.0627,0.5653
MDlWsK8JsiqyC9xtnM,fear,anger,-0.3308,0.7314
2uwZ4xi75JhxZYeyQB,fear,anger,-0.4387,0.7426
3oKIPtjElfqwMOTbH2,fear,neutral,-0.0938,0.5095
0DYipdNqJ5n4GYATKL,anger,neutral,-0.0205,0.549
lRRyxHVuD8geI,anger,neutral,-0.2907,0.603
dg0hVakNxI0LaIQDQm,fear,happy,0.6607,0.7444
dXhC4FNETTTlCAifLT,fear,neutral,0.1054,0.6126
l0NwGpoOVLTAyUJSo,fear,anger,-0.4822,0.6991
RTtwYswGFG288,fear,anger,-0.2459,0.7118
26tPghhb310muUkEw,fear,neutral,0.0625,0.621
DhulSUWynvliwOmpOE,fear,happy,0.381,0.6141
100QoSU9uTFU64,fear,anger,-0.3299,0.6902
3oxHQLHCnuCtjuZjVe,anger,neutral,-0.2158,0.6328
l0MYEw3Rjka9yuWTS,,neutral,-0.0206,0.4877
kUJVTZrbKe2JfGz654,anger,neutral,-0.1852,0.6175
bqalUGFYfyHzW,fear,neutral,-0.3278,0.5812
Yycc82XEuWDaLLi2GV,disgust,neutral,-0.1335,0.5427
najmtazy4OiiI,disgust,anger,-0.4001,0.76
d2Z4rTi11c9LRita,fear,sad,-0.1645,0.6599
11sBLVxNs7v6WA,,happy,0.306,0.7333
26tP4gFBQewkLnMv6,fear,neutral,-0.2053,0.532
26gR0YFZxWbnUPtMA,fear,neutral,-0.2007,0.5713
Gpf8A8aX2uWAg,fear,anger,-0.3375,0.7759
DBbPjLMsQPruMkDcrd,fear,happy,0.1389,0.6421
3oEjI7d0bQpHeGJecE,happy,anger,-0.191,0.7436
IhITT2GKlMH3okve85,fear,neutral,-0.1644,0.5758
3o7btNRTJ700Vzmn5e,fear,anger,-0.4441,0.751
nZymwrrw9PjDa,fear,anger,-0.4089,0.7423
uTuLngvL9p0Xe,fear,neutral,-0.2271,0.556
v4aN9JGFL62dO,fear,anger,-0.4096,0.7557
yRNSxsl1rJEwU,fear,anger,-0.0528,0.6534
bSlVFasDBbY3wox4Ya,anger,neutral,-0.2554,0.6355
XDAY1NNG2VvobAp9o0,fear,neutral,-0.0255,0.4669
XpxVDWILLXC92,fear,sad,-0.2771,0.6424
3o7btPCcdNniyf0ArS,anger,neutral,-0.1157,0.5386
3o751XDbTvZw958ZYk,fear,neutral,0.0196,0.5473
124ySNrM8Rt8go,disgust,neutral,-0.0835,0.5915
VEsfbW0pBu145PPhOi,happy,neutral,-0.0645,0.5864
4j9XOYo6IVDK8,disgust,happy,0.3953,0.6673
AUBkmecnhIHi16giZy,sad,anger,-0.3414,0.5966
UVqyx9c4MAt9U4792j,fear,neutral,-0.1095,0.5755
tfUW8mhiFk8NlJhgEh,disgust,neutral,-0.0487,0.6155
cr9vIO7NsP5cY,disgust,anger,-0.3005,0.6655
3ornjIhZGFWpbcGMAU,fear,anger,-0.4705,0.7966
2YnutB6bmlLaX7eG89,happy,neutral,0.0112,0.5252
Rnm0qelcJ7jt6jq1t7,fear,neutral,-0.1535,0.5969
5YayOGiDo5vItN379Q,happy,neutral,0.2526,0.5806
avkW4UabDdJFS,neutral,anger,-0.2083,0.6451
swPH6f77yLk2I,fear,happy,0.3061,0.6895
t9ctG5MZhyyU8,happy,neutral,0.0959,0.5823
v18xOnxDRt8aI,anger,neutral,-0.0964,0.5111
gb9KzWFqeJKEw,anger,happy,0.4269,0.7299
xsF1FSDbjguis,fear,neutral,-0.2783,0.6586
xT8qB4KH2hCnlMiflu,fear,anger,-0.3841,0.6949
jbbXetFcBlzYLKE2XG,sad,neutral,0.2096,0.562
3osxYk9qClrQVXVfiw,fear,happy,0.4506,0.71
Ala8Pjo4RN9kY,happy,neutral,0.2546,0.5841
4BJmyX29yfTLW,fear,anger,-0.484,0.6484
d7nd6bdypnYjGT1jP3,fear,happy,0.398,0.6502
nFFguNjdeotwc,surprise,neutral,-0.0949,0.5374
toHk1wZ75jNO8,fear,neutral,-0.105,0.6446
dZQduBLF6LPGc9io3M,surprise,neutral,-0.1272,0.6424
xUOxeRSgzGd7rbAqWs,fear,anger,-0.4249,0.764
yDChhXhGE6Ma4,fear,anger,-0.3274,0.6771
8FhXc8w45aN32,fear,neutral,-0.0643,0.5199
VsSksaIufXQR2,fear,anger,-0.2105,0.7261
8JZmEBXoCgDleNWFUt,,anger,-0.4887,0.7807
1jkV5ifEE5EENHESRa,fear,happy,0.1692,0.6517
GpLmqwmHWGc5G,fear,neutral,-0.1621,0.5906
26BGGXz9FiHfdztAY,fear,anger,-0.5051,0.776
SWjCswum5dc0E,sad,anger,-0.4806,0.6825
3oeHLrjZGBgnPx5VII,fear,sad,-0.304,0.4849
dv77NH0RltZEdFGk6c,fear,neutral,-0.0282,0.484
ec7Oo6rYr8JYk,fear,happy,0.2912,0.72
l46CDH8fFSwMmpHQA,fear,anger,-0.2898,0.7276
3oKIPchYaXx2YQybcY,anger,neutral,-0.1631,0.5103
3oxRmGNqKwCzJ0AwPC,fear,anger,-0.3409,0.72
8c6YG0x5zxEXZbAt41,fear,happy,0.104,0.6854
R0QUlihXieN9a1e0oO,anger,neutral,-0.0603,0.6381
U8pMQ4LsPt4yI,fear,anger,-0.345,0.6667
13e1UmAEwdj7vG,disgust,fear,-0.4154,0.8178
zQc8STzaOlJ3q,fear,anger,-0.4029,0.7437
trN9ht5RlE3Dcwavg2,fear,neutral,-0.0621,0.5042
hXDrTueJWAscK3xWQ2,happy,neutral,0.1992,0.5578
izybNcPekKpG700MUY,fear,anger,-0.4711,0.7874
mHnff4eFGkBkQ,disgust,anger,-0.2437,0.6795
l2Sq9qGTQnL5NyI6Y,happy,neutral,0.1961,0.5917
zBOqRPmkEF3Ow,fear,neutral,-0.2555,0.6109
fUwOs80ja3sTPpjndh,anger,neutral,-0.1507,0.5588
jsrlW09L9Xg2vOwYrB,fear,neutral,-0.2208,0.5464
1ULCj5IePUc8bI2OmI,fear,neutral,-0.1888,0.5234
NBN2nFCVQDCDe,fear,neutral,-0.025,0.5384
XHr6LfW6SmFa0,disgust,anger,-0.4326,0.6857
4s700eZIPQh2CWYCi4,fear,anger,-0.208,0.6812
QUmpqPoJ886Iw,fear,neutral,-0.2113,0.6046
RHVhmUGeeYXXa,fear,anger,-0.2619,0.71
EVfqxULeK9mkU,disgust,neutral,-0.0363,0.5705
JUk3AH3LECw4ar0hmJ,happy,fear,-0.201,0.6776
3o6Zt7YExBfE89p6Yo,fear,sad,-0.3405,0.6355
jQyHHXQ60W93O,disgust,anger,-0.4414,0.6625
kcranVoj2Gd9iNLh98,surprise,neutral,-0.1037,0.5212
fCiZ3DUC3m900brNM4,fear,anger,-0.3228,0.7072
iRjB2mfESqgec,fear,anger,-0.2817,0.6407
XH4nHVEIn8UckcrVVC,fear,neutral,-0.0349,0.5114
Jq7WUBf71Gju1vTe2A,anger,neutral,-0.1545,0.5681
MAA3oWobZycms,anger,neutral,-0.0997,0.5542
WQUHJt3Fwh6fBGo3Lu,happy,neutral,-0.0406,0.5499
Oc7Wl9OKlB3iM,,neutral,-0.0813,0.5419
fQbJLUt3D8Rpe,disgust,happy,0.1575,0.7243
gqC5idhn34MOQ,fear,neutral,-0.1267,0.5187
S9XaGr8wQ9Jwk,fear,neutral,-0.0699,0.5287
15BuyagtKucHm,disgust,sad,-0.4256,0.5297
SicavyaSjcr04,disgust,neutral,0.0879,0.5685
14vh2VWCibnsuk,fear,neutral,-0.009,0.6411
2wSaulb0fsDydh0IoB,anger,neutral,-0.2186,0.6337
6v2UJRyFAsTXgvJrin,neutral,sad,-0.5766,0.4639
5t9wJjyHAOxvnxcPNk,surprise,neutral,-0.0241,0.4774
SACoDGYTvVNhZYNb5a,surprise,anger,-0.2714,0.7513
bKnEnd65zqxfq,anger,neutral,-0.2548,0.5622
dIV7HapCtAzHE6N3j1,disgust,happy,0.3467,0.6465
l2JHQrwOI2EVUy86s,happy,neutral,0.0104,0.4661
aelKW3wStzsnMyTkrG,fear,neutral,-0.0148,0.5463
li0dswKqIZNpm,fear,anger,-0.3781,0.5998
s6NumZOl0HJdu,surprise,anger,-0.3578,0.7593
dIVcWFzAvU49apdTpB,happy,neutral,0.0103,0.4845
xT1Ra4EJbNSDf1CmAM,fear,neutral,-0.2085,0.5517
s98DvQYgtefdK12Km2,fear,sad,-0.5744,0.4423
26gsv1iextbg5Gm5O,fear,surprise,-0.1343,0.7893
XB7Y6geAZYnvO,happy,neutral,0.1498,0.544
5UG0S5QU2696gKtwxt,happy,neutral,0.027,0.5178
3orifdauFdCPhG6aZ2,fear,neutral,0.0095,0.5251
11RL591fQqrlqNfTgk,fear,neutral,-0.1071,0.5862
TKvHkcnbtGgKxQwlqu,fear,anger,-0.2595,0.6722
udECchbIDPMvcQmOOV,disgust,anger,-0.4453,0.7401
p8GJOXwSNzQPu,fear,sad,-0.5995,0.4142
kfLIA5rPSEdYrGvWLw,happy,neutral,0.1742,0.5526
fuHdUls1uGRtS,disgust,anger,-0.3363,0.6116
fvA1ieS8rEV8Y,fear,neutral,-0.1517,0.629
fV2maQ4MAyUxrZWHEi,fear,neutral,0.0139,0.4754
7pUeCOT8YBtSw,fear,happy,0.1558,0.675
Tit8CFFaFncoAgYFc4,anger,neutral,-0.0273,0.4948
3ov9k9Ss9N3wO6FQ7C,,anger,-0.3757,0.7152
HjlKKc14d5tBK,fear,sad,-0.5687,0.4391
UFN6Uw2nLttok,fear,anger,-0.2688,0.6147
26BRB0vY34nq6ZvmU,fear,neutral,-0.1921,0.5556
3oFzmpOB6IYecRY5eo,anger,neutral,-0.2509,0.6208
3o7TKwVQMoQh2At9qU,fear,anger,-0.2793,0.6678
QLcCBdBemDIqpbK6jA,fear,neutral,-0.1016,0.5375
lQCV6K36nJfJYNxXbC,fear,anger,-0.2214,0.6639
yNsDcQxnv86YIHC2vS,fear,happy,0.2724,0.6451
jIw2JjXd7On9UpGu0V,happy,neutral,-0.1091,0.5536
nJPkKr231dvKo,happy,anger,-0.1448,0.6619
jSxK33dwEMbkY,disgust,anger,-0.3137,0.672
XoWvzO2gYjqpUrjCRl,fear,happy,0.1238,0.7502
12GzK1jYCaVCV2,fear,anger,-0.4368,0.7919
3ov9kaW3wyiefU3GGA,fear,neutral,-0.1,0.5464
4HrLxAJqT8EftF2VU6,fear,neutral,-0.0325,0.4892
IecUzV348xgsnlBJWE,disgust,neutral,0.0943,0.5584
4JVQ3eqO1JlvwFKncQ,fear,neutral,0.0603,0.6087
l378atCG9uQQa1Fy8,fear,neutral,-0.0338,0.4961
xT9Iggof3MKS2LonOo,fear,neutral,-0.2607,0.6563
l0HlH00JVj6Mz728g,fear,neutral,-0.1161,0.5858
bjQPmKxBklmW2qon9t,anger,neutral,-0.0298,0.6544
kcCvzWbv7PKuonM504,fear,neutral,-0.0967,0.5602
3oKIPf3C7HqqYBVcCk,fear,sad,-0.4579,0.6135
SDeVLvFCqFsSA,fear,anger,-0.2494,0.7618
BzMQqBgHWNoAI3jayr,fear,neutral,-0.13,0.612
BBkKEBJkmFbTG,fear,neutral,0.031,0.6011
Wvo6vaUsQa3Di,fear,happy,0.4958,0.7013
KzbDBThj4Azl5hqpuP,fear,neutral,-0.2943,0.6305
Bi6FcO7UoutWM,disgust,neutral,0.1415,0.5646
TLIed7IwyosvDnXZLD,anger,neutral,-0.1737,0.5743
R4mn3MfNRmlCU,fear,anger,-0.077,0.6849
3NgkmRrw7uzch3BY9o,surprise,happy,0.184,0.6835
Hy9FU7i9TEQcU,fear,happy,0.0842,0.7193
U7PIeV3HADghpZlWBU,fear,neutral,-0.1297,0.4865
20ANgYG4KfSakvutbO,fear,sad,-0.6136,0.3956
l2JdYkTPVG9gRbvhK,anger,neutral,-0.2269,0.6072
y4E6VumnBbIfm,disgust,anger,-0.4254,0.6741
ncbdoCpKerEbK,disgust,neutral,0.0483,0.545
xf20D8HzvTQzu,,surprise,-0.0973,0.6517
4VXVA0H5geRSQdw1Pe,fear,neutral,-0.1092,0.6192
3oKIPzVXlzxhAWamNW,anger,neutral,-0.0556,0.553
9XfCIGSTXGq9PPfgdP,fear,anger,0.0166,0.7463
K0Hy2NwI8IXZK,anger,happy,0.0745,0.6814
YN6qUXj4HdXoY,anger,neutral,-0.0238,0.5837
3o6wrFo6epVvToR1QI,happy,anger,-0.1763,0.7605
DtLEOehAWfwiY,disgust,neutral,-0.0323,0.5429
AbYxDs20DECQw,anger,neutral,-0.1247,0.5717
T5S2baHKApwgE,,anger,-0.4849,0.7694
7FyMQm2vBiTjG,disgust,anger,-0.3609,0.7794
3xz2BzSNxkwPqF8Wdy,fear,neutral,-0.1771,0.5494
ieEGqpcjvuI0YEN0Rm,fear,neutral,-0.1248,0.5414
zOlog7jgIIFfq,fear,anger,-0.291,0.7
l0MYOUI5XfRk4LLWM,fear,neutral,0.1536,0.5897
fCsBD0QEK3YGs,anger,neutral,-0.0791,0.5124
l3q2SaisWTeZnV9wk,fear,anger,-0.4428,0.7652
c8UN4zmGZe5s4,,anger,-0.4155,0.6241
mwAEs7loF7xqo,anger,neutral,0.0206,0.5257
7A4zkWeMXlZqgnTKtJ,fear,anger,-0.5343,0.641
SoJOLUTwCj7dS,,anger,-0.4887,0.7939
PNusmx4t4z25yEJSCY,anger,neutral,-0.1018,0.6194
1AeRujyfNSXi35GDU8,fear,neutral,-0.0702,0.5101
IjHxzOuCzsLWE,disgust,neutral,-0.1128,0.5803
BYhoMtJMQsYVy,disgust,neutral,-0.2532,0.6238
3orieLeZL5kyNqiLfO,fear,sad,-0.1384,0.6248
LMomqSiRZF3zi,,sad,-0.5386,0.4641
xTiTnhnM639JYZ0xXy,fear,anger,-0.2193,0.7376
jOcGWuyjUKVPfmtMbB,fear,sad,-0.3526,0.5508
uKwa2KiBA0rTy,anger,neutral,-0.1369,0.5712
l0HUmvVJSs1ApEhry,,anger,-0.2112,0.6988
hZj44bR9FVI3K,fear,happy,0.2016,0.7354
gnE9JR4OxfLig,disgust,neutral,0.1396,0.5822
qMqjZkmMi8wFO,disgust,happy,-0.0096,0.6699
l0Iy1y4WfKMXzDNUk,surprise,neutral,-0.0028,0.6286
MXdXSV2wCyv5kwXmSH,happy,neutral,0.1378,0.547
8E1uPDT9gfhJK,fear,neutral,-0.0845,0.5669
3oriNSevfPEs37Fex2,happy,neutral,0.0311,0.4766
MnV9h47Yjjujm,fear,anger,-0.0808,0.7008
894jIJeTXKxgY,fear,neutral,-0.2327,0.5641
3otPoOxyDTXjzpMbIY,fear,neutral,-0.1828,0.4626
3o7qDXaKiO5uzsOos8,fear,neutral,-0.0766,0.4931
11lE4F9K9UlqRa,surprise,neutral,-0.0802,0.5215
UP2mJQzkc97pu,disgust,anger,-0.3053,0.6726
wrl9kk3w9Y3ME4tCMT,fear,sad,-0.4728,0.5654
xoV4JZ3cBaSGngdxxl,disgust,neutral,0.0642,0.5622
toKE0zZrzkjuLKBucs,,neutral,-0.0908,0.5407
fNvXkjC50ywBW,fear,neutral,0.09,0.5378
sJWNLTclcvVmw,sad,neutral,-0.1193,0.6351
m6tNZJt9cG3ss,disgust,neutral,-0.0641,0.5331
l3fZHxqyJVvagnCla,fear,neutral,-0.2331,0.5836
l41lZccR1oUigYeNa,disgust,anger,-0.205,0.6737
RIYvDUlCgM9lvEqkR5,fear,neutral,-0.1348,0.5103
3ohs4qw8hkPShGeanS,fear,neutral,-0.2302,0.5718
LyJ6KPlrFdKnK,anger,sad,-0.3992,0.5456
3jVT4U5bilspG,fear,neutral,-0.0552,0.5418
14kwRD61ir8wW4,fear,happy,0.1971,0.6768
QQ1K0jv4JyUR750vrr,fear,neutral,0.0011,0.4853
UGxfEt5POsukg,disgust,sad,-0.2005,0.6524
8slMt51O3OMpi,disgust,anger,-0.4511,0.7499
E3L5goMMSoAAo,disgust,neutral,-0.1126,0.5416
TzCUvaup9qkLK,fear,anger,-0.4962,0.7477
3ornkdtVzQfIRpwfug,fear,happy,0.7146,0.7436
izspP6uMbMeti,fear,anger,-0.2655,0.7416
vvbGMpbhZMcHSsD50w,fear,neutral,-0.0094,0.5322
xT1XGU1AHz9Fe8tmp2,disgust,anger,-0.3928,0.7319
l2JeiuwmhZlkrVOkU,fear,anger,-0.2035,0.7185
x0K1npzVuzmhtSJHqn,anger,neutral,-0.0951,0.5189
L2fiwKj5VfpFycNDZA,fear,neutral,-0.0215,0.4667
WmMp1qmKaKuHPfCq3a,anger,neutral,-0.0955,0.5415
61ZaJbRdLFvnpq3dR2,fear,neutral,0.0861,0.5166
WvHWfps1FnNDXJob8w,happy,neutral,0.0267,0.62
3ohjV6NGcW8SjKq3UQ,fear,neutral,-0.2184,0.5208
yoJC2JaiEMoxIhQhY4,fear,happy,0.0985,0.658
f7MO098FCipmq0eUpV,disgust,sad,-0.4279,0.4893
iPg2OZbNXc7uM,fear,anger,-0.1778,0.7336
arBdoeWbFZy6Y,disgust,neutral,-0.0044,0.5288
jxwPJ8ro1lM8E,disgust,neutral,-0.181,0.5574
qx7uTkrSBu1zy,disgust,neutral,-0.0131,0.5014
l0K4nQF4UxmR8Gmpa,sad,neutral,-0.2104,0.5548
3o7qE2VAxuXWeyvJIY,anger,happy,0.4798,0.715
StKiS6x698JAl9d6cx,anger,neutral,-0.3031,0.5469
UWnKOebQraQhxmZPuC,anger,neutral,-0.28,0.5956
3o6ZsVbs2GzgKNvVpS,disgust,anger,-0.2814,0.65
Vccpm1O9gV1g4,fear,anger,-0.4135,0.735
Lo0IDynmNuIv4WpYrl,fear,neutral,-0.0285,0.6702
XlrmiAScymbuw,fear,neutral,0.1015,0.5402
UD5oBoL8PanoQ,,anger,-0.4244,0.7469
kyiyZidJ7d68T7VCcG,anger,neutral,-0.1203,0.5334
ukiTijXKP6tNK,fear,neutral,-0.1802,0.5937
uDwKGxTFrADvO,fear,sad,-0.4918,0.4793
uWB1kYU8jGgyh881f8,anger,neutral,0.0071,0.5306
LoIsP3fz02IjOUTc6t,fear,sad,-0.3928,0.5735
26BRNvGqtlcPlA5DG,disgust,neutral,-0.0535,0.5033
Tjw85XqqRgJzYwsI6r,disgust,neutral,0.0658,0.6064
ULyYV5amK2eYM,disgust,anger,-0.2169,0.6409
HPA8CiJuvcVW0,fear,neutral,-0.1446,0.5132
11R5KYi6ZdP8Z2,fear,neutral,-0.0603,0.4861
26ybx8ut3nQI4gss8,happy,neutral,0.0916,0.5067
KffdTQfewxdbKTGEJY,disgust,anger,-0.3989,0.6554
3oz8xWrNol65TMrc1a,fear,sad,-0.3828,0.5975
s5CJw8UPITK6I,fear,anger,-0.3158,0.6547
y3QOvy7xxMwKI,disgust,neutral,-0.1878,0.5665
vbxk7KdIbJuDe,disgust,happy,0.2337,0.7311
UVwoTQ0OvhqohViQqC,fear,anger,-0.4702,0.6898
JNKy9CJSsCmiY,fear,neutral,0.0652,0.6589
4qx6IRdg26uZ3MTtRn,fear,anger,-0.3757,0.7656
UxREcFThpSEqk,fear,neutral,0.0073,0.567
GDUBw13c7SqNW,disgust,neutral,0.1247,0.609
2p15M2c5lmc7u,disgust,neutral,-0.1344,0.535
YHYmMLkOmqoo,anger,neutral,-0.0714,0.5426
IazdAV1zjaGbBaGPgF,fear,neutral,-0.1423,0.603
13RNUIRVHff2pi,disgust,anger,-0.4214,0.6537
4TPoYM5nFbBII,fear,happy,0.3444,0.6022
rOQwz7aPfmSipxlxJy,fear,sad,-0.296,0.5692
kleeBtj07a8Hm,fear,anger,-0.381,0.7573
ZdFxoPhIS4glG,fear,anger,-0.0988,0.7736
yJFeycRK2DB4c,fear,neutral,0.0029,0.5419
eP0PljvvJrnq0,fear,anger,-0.3911,0.715
l0NwC1UnHzAHfC50c,fear,neutral,-0.121,0.5568
GbIHIHhkgfpAs,fear,anger,-0.2644,0.6614
B9KKBuOIp4zqI7Cll0,fear,neutral,-0.1729,0.5697
CiTLZWskt7Fu,fear,neutral,0.0356,0.5984
JUSwkiO1Eh5K43ruN0,,neutral,-0.2132,0.569
69ryjC4QtAIMkRz5X5,fear,neutral,0.0056,0.4845
3orif8LldL7HMGaHfy,fear,neutral,-0.0599,0.6075
Cm9wKmKMUlRPvdoHgU,happy,neutral,0.2084,0.5388
p8Uw3hzdAE2dO,fear,anger,-0.3342,0.6843
eAGxMmpAX1B4c,anger,neutral,-0.1203,0.585
dw36yjtOAtuSZyxEJG,happy,neutral,0.2147,0.5989
yIxNOXEMpqkqA,fear,sad,-0.4691,0.5463
kd9BlRovbPOykLBMqX,anger,neutral,-0.1982,0.569
lqSnz5QJ8qGT1II7BL,anger,neutral,-0.0277,0.4833
cICRRoIZ9YgjqlHAUt,fear,anger,-0.322,0.6552
3oKIPbNb1vWdftiVLq,fear,anger,-0.2666,0.6546
9DJtFRgk0tOla,disgust,sad,-0.4984,0.5221
WZfbiKPvtAYPC,surprise,anger,-0.3191,0.7979
11yYPTIHizUe7C,fear,anger,-0.2603,0.6598
26uf2YTgF5upXUTm0,fear,neutral,-0.0285,0.4902
4EEIPLmRBEh8NIhvDh,happy,neutral,0.0495,0.5463
KhIpLH0WogmPe,,neutral,-0.1035,0.609
RLQdBBpcEclHC6A6Dh,fear,neutral,-0.0607,0.4819
XyLIyvq8kYIPwO4CEX,fear,anger,-0.2382,0.6395
26n6JeACUHft3rl72,disgust,happy,-0.0237,0.6709
IGbQG7VRlBA8U,disgust,anger,-0.2166,0.6625
jx5MJyZqAFsLS,fear,anger,-0.0458,0.679
pFwRzOLfuGHok,,anger,-0.3807,0.6828
hXCGdsSC3MKuqZv59G,disgust,neutral,-0.2277,0.5886
YYfEjWVqZ6NDG,fear,neutral,-0.2427,0.59
yASmJV1EY3e5G,fear,sad,-0.3912,0.5253
l41YdlqVlryxP91Sw,fear,neutral,-0.1178,0.591
MEeFCX0YH0NzuqpIUk,anger,neutral,-0.1705,0.567
FxkDFjnaN9Iv6,anger,happy,-0.0214,0.754
ItM3AhhM0rj57w1JxF,fear,anger,-0.2789,0.6839
FP56vNcwOVyvu,,neutral,-0.0699,0.5429
J20blQoMRpRvffnOmb,fear,sad,-0.317,0.5624
2Xflxzn7jWsjCVlx13q,anger,neutral,-0.0376,0.5253
UjyMC3id9olDa,fear,happy,0.575,0.7223
SZioIIBxB7QRy,disgust,sad,-0.5322,0.4672
jeXiz1RAvzX44,fear,anger,-0.4299,0.6556
xUOxf6f1W9Oy8z0Fry,fear,happy,0.2088,0.7107
k3ysanIoI6Yx2,fear,anger,-0.433,0.8035
ads2QSp4JDdeg,fear,anger,-0.3324,0.6528
TEcW5rhdWYZsdQLHKW,fear,anger,-0.3381,0.6746
3otPoyTuloHl96jfm8,anger,happy,0.516,0.7174
TlK63EI7rtUu9IAyxTW,disgust,anger,-0.4435,0.7354
1EghTrigJJhq8,,fear,-0.4295,0.8467
1h8m1pIizPI1W,fear,neutral,-0.077,0.5414
5uF0PN4Dai6SA,disgust,anger,-0.3433,0.6743
8B9hGl5neRTNK,fear,anger,-0.2463,0.6641
FqtWrearu5vb2,fear,neutral,-0.2429,0.661
l22ysLe54hZP0wubek,fear,happy,0.0772,0.5994
dufMnRRhx7r0s,fear,neutral,-0.0828,0.5202
dK0tjRx03fhlK,fear,anger,-0.3972,0.7092
j6uK36y32LxQs,surprise,neutral,-0.1525,0.5952
gnLJlrfgPJGCs,disgust,anger,-0.4179,0.7468
qmfpjpAT2fJRK,anger,neutral,-0.1778,0.5614
mdzvHCQ8Q2aI0,fear,neutral,-0.1463,0.5934
DEZA7FlHbMesUF1jm9,fear,neutral,-0.1674,0.5709
VMO6qeIbr7JRLnLTGw,fear,anger,-0.4325,0.7801
RHlm0r4VlDCgg,fear,anger,-0.2055,0.6427
89A2Xae9GwkE0,fear,neutral,-0.2492,0.6109
8hMD9YakVza3452SpN,happy,neutral,-0.0141,0.533
Tb4Eunjfy4oSXGHSdY,fear,neutral,-0.1701,0.6072
80TEu4wOBdPLG,disgust,sad,-0.5364,0.4837
QGZBpodY7Kdtw99y04,anger,neutral,-0.2649,0.5837
4VUgpQ9FiYEBCA9wM1,surprise,neutral,-0.0573,0.5439
CatCCFZa6U8nK,,anger,-0.3211,0.6912
26his5i9YJTqsqCyY,disgust,anger,-0.3583,0.6363
5Zesu5VPNGJlm,fear,anger,-0.2363,0.68
oIY5zfbRGZ80c2a3TN,fear,happy,0.2924,0.6838
vAvWgk3NCFXTa,fear,neutral,-0.2708,0.5274
YVPwi7L2izTJS,disgust,anger,-0.4709,0.626
lqdJsUDvJnHBgM82HB,fear,neutral,-0.0386,0.5645
tRGtd0jWj3GYU,disgust,neutral,-0.2553,0.5744
eTH6uICbjrc9G,fear,anger,-0.4723,0.7369
eHFSpEGnvxSI8NpTaS,anger,neutral,-0.2193,0.6373
bPdI2MXEbnDUs,disgust,neutral,-0.1821,0.6115
oFRI4g517yWaI,,anger,-0.3064,0.5852
Jo85Nij8XBKRvY5O00,anger,neutral,-0.0984,0.5615
777Aby0ZetYE8,,neutral,-0.0954,0.5921
5ev3alRsskWA0,fear,anger,-0.1001,0.6428
FyKfqRxVbzciY,fear,sad,-0.5373,0.4512
Ll2fajzk9DgaY,fear,surprise,-0.238,0.7559
D7ZlYZj45GlwI,fear,neutral,-0.0339,0.6246
V2AkNZZi9ygbm,fear,sad,-0.3072,0.6205
D4jRR3Elt71TO,fear,neutral,0.0116,0.5513
CBnXOLstPIoTmqLryW,disgust,anger,-0.3322,0.6768
1fgI4bZpCo9S57r4Vd,disgust,neutral,-0.044,0.5047
lSV1aR3U1iw1PHSBhE,fear,anger,-0.5025,0.7953
mOtjMDSDyZQ3u,fear,neutral,0.0964,0.5688
tuWADkb2g3PAk,anger,neutral,-0.0761,0.557
femacvqkFh9PXmP6u3,fear,anger,-0.4721,0.776
eudqDxqzUJfveIaEPy,fear,neutral,-0.071,0.4845
aZ9thuwFYNjHO,disgust,neutral,-0.2421,0.556
pzuye8RSBJFgk,fear,neutral,-0.111,0.5222
xULW8hNotUdPTMaQBG,fear,neutral,0.0485,0.4918
TZ6WMHCpM2mfS,neutral,happy,0.4074,0.6571
JrTCZg7iCvlwwPMnZX,fear,neutral,-0.0273,0.554
Y9zsPkuTlEcWk,anger,neutral,-0.2106,0.6107
ANbD1CCdA3iI8,disgust,neutral,-0.2853,0.5872
26uflNCWMts7TPwRO,fear,neutral,0.08,0.5685
SqflD5OvHoWILB7qWm,disgust,neutral,-0.2453,0.4976
6MUIT8OPZECMMn3Dvq,fear,neutral,-0.0145,0.4981
T6K8YnIrTT5iiLHsGM,,neutral,-0.2601,0.5912
EiCQzmzE5HLaw,disgust,anger,-0.2827,0.6294
3oEhmNef89Yv0hhZUQ,anger,neutral,-0.0815,0.4862
dBFdPL9iTLRfi,fear,neutral,-0.2257,0.6522
bcZ8T9ctIriAU,fear,anger,-0.2687,0.6586
kHs1lBhZWaK5rj7lt3,fear,anger,-0.3588,0.6375
xVqswzZHy8Q6x1cncf,anger,neutral,0.1795,0.563
d7rvF20PqNuGKSQGhf,fear,sad,-0.6129,0.4026
xUVDGb88xwuBe5gnrs,fear,neutral,0.0503,0.6191
l5b7ARjJF1Qt2,fear,neutral,-0.2843,0.5496
dw3C4ARa6mIRlg4DVm,fear,neutral,-0.1508,0.4884
kBZBlLVlfECvOQAVno,fear,happy,-0.0458,0.6327
uM3n6atNyXAzcSMWkX,fear,neutral,-0.1667,0.5922
26BRNKLUezD1NpsOc,disgust,neutral,-0.0984,0.5207
26gsiCIKW7ANEmxKE,fear,anger,-0.1298,0.7279
JVyXdbVZwkY6s,fear,anger,-0.2009,0.7118
PS7d4tm1Hq6Sk,anger,happy,0.1263,0.6515
6QP0KMdNckyjMDnI4W,disgust,neutral,-0.2898,0.5653
1rSjC6yFNXfo6II5FQ,fear,anger,-0.3552,0.7364
KDVswimTNahWzcd7sV,fear,happy,0.0193,0.7079
If3T6XJrBcBO0,fear,anger,-0.1385,0.6821
OLrUG3mJ7Ax3i,disgust,happy,0.1115,0.6403
8b9Xax6L7qtAkAimGm,anger,surprise,-0.1635,0.7837
69mUSKBujnpgmxcqlg,fear,neutral,-0.205,0.5657
FiR4O9bYEPkBi,,neutral,-0.0439,0.4748
13l7w7N4Vr1dw4,fear,happy,0.6016,0.7318
kP9zi6i24sQRpY2CSi,anger,neutral,-0.2536,0.6003
wmuqpmtGeVv1K,fear,anger,-0.426,0.7193
d8KOpGnzaAEI7JiVUp,disgust,anger,-0.3671,0.6196
l2JdTgYZ7VG4EeBVe,fear,neutral,-0.1591,0.5038
qjrkBa13Ee8wM,fear,neutral,0.1589,0.5475
jA2oLqAbACosE,fear,sad,-0.5058,0.52
kC8N6DPOkbqWTxkNTe,disgust,neutral,-0.0458,0.6075
CX75w0pynJhkvCDDhv,,neutral,-0.156,0.6083
4u31bWDYmhw5O,fear,neutral,-0.1625,0.6811
14jRWmyHsokyOY,fear,neutral,-0.0039,0.6021
28A92fQr8uG6Q,,anger,-0.4155,0.7681
G5X63GrrLjjVK,disgust,anger,-0.4559,0.6351
6ZXoMtHImZOgw,disgust,neutral,-0.1442,0.4752
H5C8CevNMbpBqNqFjl,fear,neutral,-0.2006,0.4873
3osxYbcDmKTIFUa5dS,fear,neutral,-0.0693,0.4858
AVBo5eqFXd3SU,fear,sad,-0.4847,0.56
26xBFT1F9BgskEvTO,fear,neutral,-0.0356,0.6355
1236TCtX5dsGEo,,neutral,0.1875,0.5926
ToMjGpjwk1MxyYRcQnK,fear,happy,0.0377,0.6546
d962S6U491NhLN5LiB,,anger,-0.4972,0.7841
6HGTTJY78Nv5RdLrbW,fear,neutral,0.0394,0.5021
3o6MbeZeKPb2rxqNqg,disgust,neutral,-0.3144,0.5652
CX73onxpyQUVJBiyn8,fear,neutral,-0.2205,0.6443
KWRjfFe4x7nwyh9GlX,disgust,anger,-0.3534,0.7273
13Pco5pnr3SpC8,fear,happy,0.162,0.6436
l0MYt5jPR6QX5pnqM,fear,anger,-0.1726,0.7175
xUOwGi5bbHxbT1XncA,anger,neutral,-0.1852,0.5886
YRzQnWzbn4WIxd3ZYx,fear,neutral,-0.2052,0.6537
f3dLXEhDoZpmfJI97X,happy,neutral,0.0045,0.4822
YiXlMMqGu3XvGwTPoC,fear,anger,-0.472,0.7777
l3V0FBxSzWp6O0Lf2,fear,neutral,-0.2239,0.5776
cstHEo3umAADEfFAvZ,disgust,happy,0.263,0.6667
sBlmCCYAuAcNSq6yA6,happy,neutral,0.0302,0.5223
TlK63Euc9KArc2a0kEw,fear,neutral,-0.1427,0.5534
AMJL5dMqqxNL2,,happy,0.2462,0.6173
3o7WIQ4FARJdpmUni8,fear,neutral,-0.0391,0.5282
26hit0GF1ZmM0WmD6,fear,happy,0.221,0.6948
5qiVQ4SYq7HOiHG5yh,fear,neutral,-0.1905,0.5983
Vd8wLaK3lNDNMuGaUL,fear,anger,-0.1701,0.71
AwcmOV28QPnck,happy,neutral,-0.0127,0.668
Le5BxgkiTShtS,fear,neutral,-0.1292,0.5353
l2Sqf6CokrCwXDvcA,fear,neutral,-0.1264,0.5659
ytTYwIlbD1FBu,anger,neutral,-0.362,0.578
gQdejV5BBChHi,fear,neutral,-0.1768,0.6106
xUPOqo6E1XvWXwlCyQ,fear,neutral,-0.0399,0.5584
cPNXOm7ln8HwK7UcbV,disgust,neutral,-0.1284,0.4862
d7re818hgHLAYEizLH,fear,neutral,-0.1497,0.5268
b83JK8QwtLzxu,,sad,-0.3932,0.5369
2oUfvvUgQHnLsQWFMW,surprise,anger,-0.4692,0.7934
QX3QDdgYVPJyo,happy,neutral,0.1812,0.6278
Heqbbp1m3mzJe,fear,anger,-0.3725,0.7264
14xevsb9mhsqmk,fear,anger,-0.2555,0.6387
KctrWMQ7u9D2du0YmD,anger,neutral,-0.0712,0.4971
Dvkqbc0zWJEfhC7HIp,fear,neutral,-0.0221,0.4977
AY8066qV520KY,fear,anger,-0.4267,0.7519
YP2HqPBbtQVSU2DFKt,,anger,-0.1724,0.6494
13w5HmyiuaZ224,disgust,anger,-0.286,0.6162
u3PhasaXQ1zRki7gR1,fear,sad,-0.3185,0.5366
qcoocjBhD5Zle,anger,sad,-0.4216,0.5156
w567xuOsFbYiwnTooE,fear,neutral,-0.1489,0.5987
xTiTnfC5VHxodZigDK,fear,neutral,-0.1483,0.6392
k0MhoODoKGObWUUI26,fear,neutral,-0.0297,0.4988
lP4jmO461gq9uLzzYc,disgust,neutral,-0.1481,0.4767
cIxxFKOTCPwX9DUk7L,fear,happy,0.0915,0.6286
bkcYElQQVstXFsr4yL,anger,neutral,-0.0585,0.5571
g4ODNTnpEBrmsghYtD,fear,anger,-0.3948,0.7311
l0IsHW1Yd19ZSLsmQ,disgust,neutral,-0.1869,0.5638
UtQd6asKVtKOseLm1B,anger,neutral,-0.0819,0.5148
V2ojLo7PvhVug,fear,anger,-0.4482,0.6253
NqNkgNRKjdAje,fear,anger,-0.4658,0.7666
L95W4wv8nnb9K,fear,sad,-0.5687,0.3995
12Ge3LuCAofm2A,happy,neutral,0.0869,0.5103
W80Y9y1XwiL84,fear,neutral,-0.1108,0.6076
BbCYm9xOm6gBq,disgust,anger,-0.2437,0.7015
Qs1NAyyQren93W2mV5,fear,neutral,-0.1706,0.5815
9tXxpSsbHLA1nRszGa,fear,neutral,-0.0078,0.4809
j0QzDgFZRX2njRxxtP,happy,neutral,0.3247,0.6044
eS7qcQofapIqc,disgust,neutral,-0.142,0.5987
xT9KVmINRKGsIzd0YM,anger,neutral,-0.0786,0.56
xT9DPBMumj2Q0hlI3K,fear,sad,-0.4089,0.5489
bXE0iECrH9xJe,disgust,neutral,0.016,0.5415
l41lVsYDBC0UVQJCE,fear,anger,-0.3779,0.6707
NRXleEopnqL3a,surprise,anger,-0.2263,0.72
AtJPYF7AaPRTi,fear,neutral,-0.0935,0.6659
3oFzmkkwfOGlzZ0gxi,anger,neutral,-0.2691,0.594
SWV4S6i79pygM,anger,neutral,-0.1005,0.5629
YOvOkaS5ZKfimDIgwJ,anger,happy,0.0514,0.6988
KTnBZB1CsqMOQ,neutral,anger,-0.1969,0.627
1q2ps9L8Z4N1e,disgust,anger,-0.3923,0.6513
26FxypSnWsXS69nTW,disgust,neutral,-0.1101,0.5936
SRkctO9741bELZdoNg,happy,neutral,0.037,0.5098
8m2xWJdhFWPUYFixeR,disgust,neutral,-0.2768,0.6087
U7y1PUFXsAUyZKcOOF,fear,neutral,-0.0534,0.504
m7jzopL8Dm1kA,,happy,0.4334,0.6646
kgTyaowHRIjO8,disgust,neutral,-0.0347,0.5259
hqaCqJmcya82YnycRn,fear,neutral,-0.1014,0.5603
f9Rrghj6TDckb5nZZR,disgust,neutral,-0.0104,0.504
a0GD8zgUaByTK,fear,anger,-0.1456,0.6823
toB3AnUDkqE3GENKx0,disgust,neutral,-0.1445,0.5999
l378giAZgxPw3eO52,fear,sad,-0.6142,0.4079
ro08ZmQ1MeqZypzgDN,sad,anger,-0.4008,0.737
hQubnR0Fr0dUI,fear,neutral,-0.0439,0.5671
XBXBWRWbSmM6HnjErP,disgust,neutral,-0.1208,0.5527
3W0vjXgLj4rg4,anger,neutral,0.1375,0.6341
94EQmVHkveNck,anger,sad,-0.5826,0.4602
9MFsKQ8A6HCN2,,neutral,-0.0454,0.592
3ouX6KNb8I430s0Ffz,happy,neutral,0.1847,0.558
4PT6v3PQKG6Yg,fear,neutral,0.0256,0.5797
3ohs7N0iXvc180MiB2,disgust,neutral,-0.2011,0.5309
AKaEfzaLlr0yI,fear,neutral,-0.1822,0.5122
TXgFnM3Dk5uzm,disgust,fear,-0.4313,0.8321
MViYNpI0wx69zX7j7w,happy,neutral,0.0044,0.5516
5bdgsd3ChyajOVN0rl,surprise,neutral,-0.0303,0.5606
a93jwI0wkWTQs,disgust,neutral,-0.0897,0.5409
xT9DPQdEJQHATtDHFK,fear,neutral,-0.014,0.4828
ncU3bkZ5ghDlS,fear,neutral,-0.0309,0.5267
l3diOsCPt5TUMMYX6,fear,sad,-0.3518,0.5642
ZLdy2L5W62WGs,fear,neutral,-0.315,0.5626
xyM6ww4C3nXm8,fear,neutral,-0.0602,0.5622
vFhFqWaJDXOMw,fear,neutral,-0.0402,0.4795
lrf5jEbnpVUek,fear,anger,-0.2334,0.6694
eIm624c8nnNbiG0V3g,fear,anger,-0.3836,0.7178
KebsAH6yJT8cuE50Wl,anger,neutral,-0.1496,0.549
Y5AnASuZAS3AReKzIy,,fear,-0.4492,0.8013
4qsokBIDFxwYAgAllg,fear,neutral,-0.0789,0.5178
X8omQqfFyeq1a,disgust,neutral,-0.1967,0.5387
9VWHlqw2Y8FuvJj0vG,disgust,anger,-0.2539,0.6527
3owzW5c1tPq63MPmWk,fear,neutral,-0.2794,0.6065
8gjWMXlOrfUik0NvR2,disgust,anger,-0.3497,0.6894
AEMyf9Oj6MpS8,fear,anger,-0.3469,0.7067
7EeTonu0tr2JMAVOmL,happy,anger,-0.1919,0.7022
2WGYAGbzkemi5BMdvb,fear,neutral,-0.0424,0.5049
AFX2Yx807TCX4YuLP4,fear,anger,-0.2947,0.6987
TwfuyZNAn4kuO5m2sc,fear,neutral,-0.0828,0.5781
VtYBsekKkX0T6,disgust,neutral,-0.013,0.503
3o72F5tx9CEhSDxonC,fear,anger,-0.4496,0.7721
3oKIPl97G9KsnxS3XG,disgust,neutral,-0.0969,0.5582
d1Hrg00RXt3dfaFO,fear,neutral,-0.0484,0.6101
f9AxU1ieQdqfHbbf13,anger,happy,0.2432,0.6589
b8RQzkElbBsXqEPF2X,surprise,neutral,-0.0978,0.5685
rrWxYB0ZtjTW8DkkSC,fear,anger,-0.4357,0.7519
sOSZ8OB5yyFfAMlxw8,fear,anger,-0.2155,0.6878
d2qJhxeaaWXPG,fear,neutral,-0.2827,0.5822
xT0xeMA62E1XIlup68,fear,neutral,0.3115,0.6088
anSiSGG5YaXeBn5gv4,fear,anger,-0.2567,0.683
h5WehVcg3HN9U7yBSf,fear,neutral,-0.0285,0.4814
3bisdNSa51SKkjvsSc,sad,neutral,-0.0988,0.4905
5tsjxsQXLl4GcNsd5S,disgust,anger,-0.3223,0.6881
7B71Ci4KE3m0,fear,neutral,0.0254,0.6561
MQk51eNoRLa8TuwVNA,fear,neutral,-0.0679,0.4975
MBUxgeKmMysGevOs80,fear,disgust,-0.344,0.6508
VIzs0jgs8KmgVeTknN,fear,neutral,-0.2568,0.6176
Hm3ZMI68o17os,happy,neutral,0.2456,0.5833
Rk8xcnPjrQdRoFtlsX,anger,neutral,-0.1925,0.6307
W2aOrslveBm5w4xril,happy,neutral,-0.0015,0.4874
Ti7zgqzYUCVP2cub8F,fear,neutral,0.0983,0.5764
14RWYSvhLyzNm,happy,neutral,0.0485,0.5013
KZKTcjd5P2RXfSMkPf,fear,anger,-0.2088,0.6577
2sddCIZRYfiPlNeLZn,fear,anger,-0.3054,0.7723
3ohs7JBaVzYmwkSaME,happy,neutral,-0.0295,0.5698
3oKIPlLZEbEbacWqOc,,surprise,-0.062,0.683
14mgxYFJHXGmoo,,anger,-0.2108,0.6749
3OymWKuyc2y2BumvVa,disgust,neutral,-0.2893,0.5756
5Q89wB5E6BfAk,disgust,anger,-0.3642,0.6999
TdM8u7Zi3Gics2qvmF,surprise,neutral,0.1242,0.5756
SXaPJThnWQuWtWw7cb,disgust,neutral,-0.0949,0.5164
5fBH6zoAQg9dHK2ttsc,,neutral,-0.0043,0.5273
anuMFPLssX6SI,fear,neutral,-0.1368,0.5592
kTZBUjdRlZB3G,fear,neutral,-0.0083,0.628
lD76yTC5zxZPG,fear,neutral,-0.0598,0.5334
sRLh3n74Df1kJx7xSt,fear,neutral,-0.0996,0.4943
eUoGmTHkmGv72,fear,neutral,-0.0116,0.6194
np0ar0Kk1nOBor3kku,fear,happy,-0.0227,0.7049
xTiN0mHxxNG5Sh3f1e,fear,neutral,-0.1496,0.5629
t6QjP9pcOlFDO,fear,anger,-0.2554,0.6922
xT39D2UJcJ663GkPkY,fear,neutral,0.0437,0.661
3oEjHHMtBYjU3MP5yE,anger,neutral,-0.186,0.6654
2yxkSUWYzgnsPje3X8,anger,neutral,-0.2422,0.6274
9Ai5dIk8xvBm0,fear,anger,-0.0162,0.7704
COYGe9rZvfiaQ,disgust,neutral,-0.2082,0.6031
3o7abwbzKeaRksvVaE,fear,anger,-0.3649,0.6722
VlZ2gfjYNxdVS,fear,neutral,-0.0548,0.6171
7akoStxbs2KnWtY2ht,fear,sad,-0.3658,0.4915
3a9aRPThXvHuU,fear,happy,0.4935,0.7515
2ilegKh8fMdJAVqbG2,anger,neutral,0.024,0.494
SruPdSeg9kYtBNHeNr,happy,neutral,0.0195,0.4868
UU1bHu6QWyFxZM63Jh,,anger,-0.2863,0.719
Jl4e4EbjO041O,fear,neutral,-0.1387,0.6211
SYRB2TSJUHnoZRJNsz,happy,neutral,-0.0748,0.5548
JyyUwsNClJDoI,fear,anger,-0.2363,0.68
yL4Nraa3csZXgEsySN,fear,sad,-0.4292,0.5846
xmxGoENM1V81q,fear,happy,0.0948,0.7335
ibGFpMv1Uoais,fear,neutral,-0.0425,0.5343
xT5LMEMzdKTE2a6xfG,fear,anger,-0.373,0.5935
nxMiyZea0AQY8,fear,anger,-0.2604,0.6658
l4Ep9KQRRXtyjkIWQ,fear,neutral,-0.2712,0.6052
yUrUb9fYz6x7a,fear,neutral,-0.2965,0.5962
gFKTpgVAWywAg02rV3,fear,neutral,-0.2101,0.5316
f9RrjwK6CFFasFW3pP,fear,neutral,-0.1394,0.5465
l41JKUUqmAhsCG8xi,fear,anger,-0.45,0.7529
6yRVg0HWzgS88,fear,sad,-0.542,0.4394
BU6R7enV0nWmGuKGUZ,happy,neutral,0.1049,0.5317
26n6QhiUfska2v38s,fear,neutral,-0.0674,0.5136
Q9WDZTdraX9E4,fear,anger,-0.4418,0.6199
G6FlPbPPX2fu0,fear,neutral,-0.1821,0.6675
Xz6kIi2DpjqRG,disgust,neutral,0.0597,0.546
14aUO0Mf7dWDXW,fear,neutral,0.2301,0.5931
OoId38go2peTu,anger,neutral,-0.1192,0.6368
PER8oVobtMcus,fear,neutral,-0.2437,0.5741
5nFShZWwq3fdm,,sad,-0.2483,0.5632
icUEIrjnUuFCWDxFpU,fear,neutral,-0.0112,0.476
jErnybNlfE1lm,anger,neutral,-0.1682,0.556
vRatUjAI4eNJ8t7NhG,fear,neutral,-0.0281,0.467
l2JHVUriDGEtWOx0c,fear,sad,-0.573,0.3952
i33719vyOjNYI,fear,anger,-0.3664,0.685
fe3Rwmc2bBulG,fear,anger,-0.211,0.7048
uaB5o9l6Wungk,fear,sad,-0.5475,0.5623
l0Iy0vtShgNwyIRG0,disgust,neutral,-0.1219,0.5474
lkdH8FmImcGoylv3t3,disgust,neutral,0.2207,0.6329
j3gsT2RsH9K0w,fear,anger,-0.1006,0.6847
1244kUYeMTUkak,disgust,anger,-0.3372,0.6315
JwLnNc3QRZzIA,fear,anger,-0.5023,0.635
UWEhBZGUisL8k,,anger,-0.4127,0.6964
3NeRncMrUNb8astzVy,fear,neutral,-0.0296,0.6158
8Ah3J1dWn5nfW,disgust,anger,-0.1926,0.6526
RMhbmeqWeOBQIiQkS4,fear,neutral,-0.2667,0.5594
XrNry0aqYWEhi,fear,neutral,-0.2206,0.6208
8vpZHR9fIuPfaT9Gmi,fear,anger,-0.3079,0.7
83QtfwKWdmSEo,happy,neutral,-0.1093,0.5977
IZcjxKQNbOOly,fear,neutral,-0.0242,0.469
26gsjCWitFy3euTeM,,neutral,0.1401,0.6318
4Q06lzbVHNniQBXJUY,fear,anger,-0.0962,0.7215
iFxXouCf76ZencqIRP,fear,neutral,-0.0378,0.529
xT9DPi33fXbUwpLatW,fear,neutral,-0.034,0.4571
vsz2HSQ1ukJpdHv6af,fear,neutral,-0.0929,0.6147
sUFNBs65WVF6M,disgust,neutral,-0.1395,0.5209
js0nrD2tXm3zNIIZSW,fear,anger,-0.2874,0.6934
13cptIwW9bgzk6UVyr,fear,neutral,0.1267,0.5485
2Ga8aj2mbUFK8,fear,neutral,0.0185,0.5581
3o6YglDndxKdCNw7q8,disgust,anger,-0.4027,0.6457
14uSvetsWYt0Ri,fear,anger,-0.1573,0.6949
VdAvVcQLJDwKKDUDJR,fear,neutral,-0.0921,0.586
YN7ddC98KPnk0kQlTn,disgust,happy,0.4831,0.6576
OkEQf0PNU0jU4,fear,neutral,-0.2673,0.6615
MUdNCZ9xVveY8,disgust,neutral,0.0427,0.5727
2dcW1Dlu2sZnW,fear,anger,-0.2468,0.7165
QLkC9I8VTwkdW,anger,neutral,0.166,0.6037
QUXYcgCwvCm4cKcrI3,fear,anger,-0.1842,0.7122
KHJw9NRFDMom487qyo,neutral,anger,-0.2046,0.6661
3ohjVazBFR12PCzk3e,fear,happy,0.4227,0.7291
3oKIPb7sHFQ9Irn54Y,fear,sad,-0.3665,0.4691
Qw4X3FDRolaUzXnPLNK,anger,happy,0.1109,0.7468
Vfie0DJryAde8,fear,neutral,-0.0075,0.595
7zJivlhQurdLVTeeX6,surprise,anger,-0.2764,0.8073
l0HUqsz2jdQYElRm0,fear,happy,0.4442,0.6764
kDf0eEXhOhlZgdp2dy,disgust,neutral,-0.1264,0.4975
t4S4glEt5KB4OBUqbq,happy,neutral,0.1772,0.5567
bGtO3RlAPHkeQ,,happy,0.4661,0.7274
ZebTmyvw85gnm,fear,anger,-0.1376,0.6588
YZlQaMesgPIAM,surprise,sad,-0.2862,0.64
l0MYMiMPgXO3u6UZa,fear,happy,0.2036,0.6866
eePSFNBFv2W9owZ4Sh,fear,neutral,-0.1591,0.5302
PCvkgunX9ZbEEyfTQH,fear,neutral,-0.0261,0.4849
5zkLhCHTnX1za,fear,anger,-0.4622,0.7881
IAgKhlQ9fg30A,fear,neutral,-0.104,0.6461
JpjcgnfLTyUVvKO1vm,fear,neutral,-0.0076,0.557
OhrNfRrBxgz16,neutral,happy,0.6273,0.7354
Y1ggBG6wpBdwA,fear,neutral,-0.2144,0.5987
3o6MbnvuZWdgL2JI88,disgust,neutral,-0.1902,0.568
2zelCiUo5KJyN8MgMr,fear,anger,-0.2905,0.6479
6Z3D5t31ZdoNW,fear,neutral,0.0681,0.6014
J1S363SbQFselYWz68,disgust,sad,-0.1396,0.5726
Nv1roC7mg5Kec,fear,happy,0.3699,0.6295
34pjdMdwZCetBbwKNf,fear,neutral,-0.2105,0.6066
IepriDYu8gcidIVZPB,anger,neutral,0.2114,0.5712
39hsA5NQKeaFXNgMav,anger,neutral,0.1163,0.5569
eMybmbhrgdiXExJJiC,disgust,neutral,-0.2046,0.5447
d3yxg15kJppJilnW,fear,neutral,-0.1499,0.5556
pHb82xtBPfqEg,fear,anger,-0.4494,0.7471
rWgLOxrdNNDzUXaQnd,anger,neutral,-0.0837,0.4943
cWqweZPNsZ6yG5FpuX,anger,neutral,-0.148,0.5413
l0HlDDyxBfSaPpU88,fear,anger,-0.4458,0.7648
YrN8O2eGl2f5GucpEf,happy,neutral,0.0205,0.5261
n1mNS67yQhtzzAN5H3,fear,sad,-0.3957,0.4561
xT9DPlAUKTl1GeZjC8,anger,sad,-0.3773,0.5104
g3h4YTHFBgfbG,disgust,sad,-0.453,0.5698
yNF0XKi2ZLuow,fear,sad,-0.5098,0.5012
l2Je7AeF1lcg9SQQU,fear,anger,-0.0586,0.6813
5n067EUZwH8cvtRfGz,fear,happy,0.601,0.7486
FUi94opKPNopjUmQvR,anger,neutral,-0.0131,0.4648
KctNhiy99LoLBTgLNO,disgust,anger,-0.3901,0.7583
2UOeg2XGEZine,happy,neutral,0.0172,0.6361
1BsQzHQghXyA8,fear,disgust,-0.3687,0.708
5eFRL3jPLgbNj6iwPx,anger,neutral,-0.047,0.4774
7ILfGZFvTPMB1TAkXE,disgust,anger,-0.3013,0.61
Rse8lCnT2SNJ6,anger,happy,0.3068,0.672
3oz8xZLwMIiRx82ARa,fear,neutral,-0.1337,0.5535
Y3qZ1blc7po083g0gg,fear,happy,0.3025,0.7226
4GRj3pwoAJSwg,fear,anger,-0.221,0.6516
SebhLIgVIHtzlJbPzW,fear,anger,-0.4653,0.7683
11JbbNHfXBqqhq,anger,surprise,-0.0272,0.687
pgY62hMzLdQ2c,fear,anger,-0.273,0.6786
anS1ZNfpzXSjm,disgust,neutral,-0.197,0.5782
wvwIoQxTLvBFC,disgust,anger,-0.3532,0.6133
hVYVYZZBgF50k,disgust,neutral,0.147,0.6056
ZWiIwPxJ9JGW4,happy,anger,-0.1847,0.7021
thZAUGw8bGkOQ,disgust,anger,-0.209,0.6941
l4jOMCo6FM529lLb5D,fear,anger,-0.4411,0.6937
j0qSbeNFuzjhXKFVSP,fear,anger,-0.3051,0.6115
ZZkCo8zKWtt2ZgozfX,fear,neutral,-0.1114,0.5164
lRkFCCPZoMEwq0CQEw,anger,happy,0.3012,0.7278
d8KUdFilMYdHmISPMU,fear,neutral,-0.1736,0.4786
xUPGcvWmHGSlu5DOaQ,fear,anger,-0.2656,0.6646
l41Ydzli4MXn5ZoGI,,fear,-0.4424,0.8043
RDbZGZ3O0UmL6,disgust,anger,-0.0887,0.6926
26zyYdiV4pdZZUWEU,fear,neutral,-0.1968,0.5853
Ayx3dO4xruVqM,fear,neutral,-0.1449,0.6607
11mwI67GLeMvgA,disgust,happy,0.0441,0.6095
3oFzm6E9URrNKG81Q4,fear,anger,-0.517,0.7231
Ev2Ov4wBz9Ogg,fear,neutral,-0.1439,0.579
3og0IOa1X349KZ8E1i,fear,anger,-0.436,0.7365
NnkNYfMcPcGTS,disgust,neutral,-0.1282,0.5323
AAIYDMjsxkv3q,fear,happy,0.2604,0.6523
9rKqkBL5Psgt2AsYNX,fear,neutral,-0.2389,0.6038
3ov9jWGENEJSiuLouQ,surprise,anger,-0.3619,0.7226
TrcQjNKDyPx7y,fear,neutral,-0.0525,0.5158
1zOHLcWjriQByqhxwg,anger,neutral,-0.0808,0.4738
xT9IgsOGgRyupdYeqI,fear,neutral,-0.0328,0.6021
xUOrwihszfWZgSIHJK,fear,neutral,-0.1793,0.4618
m9NSQjJEPv5AY,disgust,happy,0.1328,0.6955
lZhymdRsuFDmU,anger,sad,-0.4817,0.5659
w7mLEAMcpjrpe,fear,anger,-0.1006,0.6847
ckEwMluJd0WnFXPOYC,,neutral,-0.1123,0.5399
d1E1szXDsHUs3WvK,sad,neutral,-0.1464,0.5637
eKNrUbDJuFuaQ1A37p,neutral,happy,0.3675,0.671
l4FGmPyW8yOjgjeKs,happy,neutral,-0.0159,0.4701
fxpPSvdGnxfR6,fear,neutral,-0.0517,0.5395
kaaxdtllCJgQg,disgust,neutral,0.0053,0.5823
xT5LMz2DWrwmbfVBK0,fear,sad,-0.5979,0.4235
cMPdlbcUKl3xkMCyD3,surprise,happy,0.3729,0.7152
l378Bef6ZGteFCJuE,fear,neutral,0.1538,0.5576
jquDWJfPUMCiI,fear,anger,-0.4312,0.785
1iS9JID0vxK9XyKUoz,anger,neutral,-0.0684,0.5998
5bGYUuT3VEVLa,fear,neutral,-0.1857,0.5544
11ewTKMijWxd4s,fear,neutral,0.1934,0.6253
Xixgpa2UV272l44qtM,disgust,anger,-0.4396,0.7795
E3ZDzQYphnnXy,fear,happy,0.043,0.6542
3oeSAD00YsGzUPTmqA,disgust,anger,-0.4043,0.7552
TghWHPRPHI1dC,fear,anger,-0.1952,0.6558
83JLhFcYedwQBR0oW5,fear,neutral,-0.2054,0.6074
JHh2Cap8NgaRO,fear,neutral,-0.2313,0.5444
Af0RkOscO3KSHZTkMl,happy,neutral,0.0796,0.5409
3o6nVbe6wVgh3LkRkA,fear,neutral,0.0271,0.5806
3o6MbhYjXivHHMrLSE,fear,sad,-0.5376,0.4779
3orifg77036dmNeQFy,fear,anger,-0.4505,0.787
xT1XGLSb5E1VjIUw4E,happy,neutral,0.053,0.4966
xdHysYkPU2KJPONAXP,anger,neutral,-0.0567,0.5007
l1KVbD71qldJyvs9q,fear,neutral,-0.0668,0.4895
w9xG5hsxZlqtevPlJQ,surprise,anger,-0.2557,0.8048
gKa5Ej3Q5A1XnGQIdQ,fear,neutral,-0.1121,0.5254
gNke2UrUTopOg,happy,neutral,0.2295,0.629
xTiTnooneW4SYfch8Y,fear,anger,-0.4638,0.6904
wYyTHMm50f4Dm,disgust,sad,-0.5815,0.4133
eBCnpuRGBhQGY,fear,happy,0.0047,0.6363
l4Jz6pNKSvEuB5xYc,fear,neutral,-0.1488,0.6136
uQYutmJKXOEfu,disgust,happy,0.0606,0.6905
3o72wDmrfZt5z1jc88,fear,anger,0.0305,0.7465
Mous21IAhJQiI,,anger,-0.1938,0.6338
MUHNdrm3vk7MoyUsCO,fear,neutral,0.1147,0.5998
QBGmtvS8QCl6OolY0c,anger,neutral,-0.1201,0.5347
3oEjI9T0ixjZCFwi8U,fear,anger,-0.1889,0.6439
HloNK1z39EkEQcreIo,happy,neutral,0.1071,0.5585
3ov9jExd1Qbwecoqsg,anger,neutral,-0.1105,0.5324
KDRv3QggAjyo,anger,sad,-0.5859,0.4394
3mJyfDFH0BqgbdghWJ,anger,neutral,-0.1137,0.5448
26DMXCypYxHVNydMc,fear,neutral,-0.0806,0.5211
2xUe823rK0EmHGXts1,anger,neutral,-0.2729,0.6138
2xwWl4iiaR0UKIiiRQ,fear,neutral,-0.1081,0.5585
TlK63EDww4g4tXUd0gE,,neutral,-0.1646,0.5165
TW8Ma1a8ZsZ8I,sad,anger,-0.484,0.7276
3o6Ztp6hwOuNQSAZkQ,fear,neutral,0.2689,0.5837
I7p8K5EY9w9dC,,anger,-0.4137,0.7494
U4iqWRzu5bNrIs7FX9,fear,neutral,-0.013,0.4795
FWmCuEiJ1Ok70gVT3M,,neutral,-0.0682,0.5436
O1OWsUR3ebdqo,fear,anger,-0.4807,0.769
llWJC4Y3i9lvg9lUjD,disgust,neutral,-0.2441,0.6121
mxPzDgzRCKOty,disgust,anger,-0.383,0.6743
xT0GqgBS0IdI3rFXHy,anger,neutral,-0.1359,0.5347
stnjSj2vpLcM4rwmEH,anger,neutral,-0.3242,0.5932
owiooI9tn2hjy,fear,anger,-0.3393,0.7066
l0MYO3rFwZcvUnvO0,fear,anger,-0.3027,0.7208
l2SpMQIJOFiYXwxlS,,anger,-0.4287,0.6379
YfFkbce8xR0By,fear,happy,0.3734,0.6493
tsgNNs93oIbwk,disgust,anger,-0.4093,0.6804
l41YyLy9v03gytR0Q,disgust,happy,0.2349,0.6649
7J4Lvpz55rocVYccdH,happy,neutral,0.0241,0.4973
8UHxgKFt4KafzZ4DVR,disgust,anger,-0.2407,0.7925
48OhKvSGI0d0ZC8bNn,fear,neutral,-0.0244,0.4744
B2HqyXi7r6j9W9cCG2,surprise,happy,0.515,0.6943
7SsXQOg7WKCl2,fear,sad,-0.3925,0.591
SUQMgNasXYdVYmFiU8,,anger,-0.3211,0.6991
8m4R4pvViWtRzbloJ1,fear,anger,-0.0881,0.6652
Dtx6g7othLlC0,fear,neutral,-0.1502,0.5533
8PuQJoolNUXyE,disgust,anger,-0.4686,0.7847
1uPiL9Amv5zkk,fear,neutral,0.1938,0.5521
3oKIP7wjzdzjbjLugg,happy,neutral,-0.0386,0.5511
9rtpurjbqiqZXbBBet,fear,neutral,0.0625,0.4953
AY7c9yxxUcvdu,disgust,neutral,-0.0738,0.5029
VD5bAIKpeFQoXH2ma4,happy,neutral,0.1846,0.5395
1AHZBEKJx5Mf57NQqb,fear,neutral,-0.1016,0.5329
8DUxtTxFntY7lpJnzy,surprise,neutral,-0.0356,0.6365
3o85xGocUH8RYoDKKs,happy,neutral,0.1283,0.5403
3o7aCXpnE2y0YCCoJa,fear,neutral,-0.2216,0.6177
B6bnealXUbW18QjPCd,happy,neutral,0.0149,0.5032
AwoDg0wJImOjK,fear,anger,-0.3935,0.6446
3o6Ztr9s7vPAS8XtK0,fear,neutral,-0.0334,0.4859
0vreP7JohATfh0nnqK,disgust,anger,-0.3381,0.7383
joGUuMFGRwxd6,anger,surprise,-0.126,0.7506
vLQ9NAzDv3lks,disgust,anger,-0.295,0.6105
oL7xi4nME61c4,,neutral,-0.2099,0.6357
pVAMI8QYM42n6,fear,anger,-0.3232,0.6879
gSRkSblDEjUuk,anger,neutral,0.0019,0.5916
cXHz2uca2HBdKQkuGg,fear,neutral,-0.0732,0.4898
dWaR62oEw9llfJXpn1,anger,neutral,-0.1466,0.562
eR2SonKcZNILC,fear,neutral,-0.0229,0.5312
rEbJjSjoS8qYM,fear,happy,0.4109,0.6934
xT5LMtGgXDDnerda0g,anger,neutral,-0.1916,0.563
d55s72nDlUS4NWBPAz,fear,neutral,-0.0504,0.5181
edLKLYMlNFPJC,fear,anger,-0.356,0.6573
jRGGQMWvYvYraZ5kvI,fear,neutral,-0.2369,0.5283
s9FnbSA9469AQ,fear,neutral,-0.0505,0.5552
3o7TKOCXul7Xc8ZBNS,disgust,neutral,0.0189,0.4876
KBJr8WrAirRUUFE9KU,happy,anger,-0.3213,0.6728
1iwg504Ci9m2WpThKJ,fear,neutral,-0.2009,0.6624
7YBZCh1TIoCkuQxa3n,disgust,neutral,-0.0025,0.5644
3ohs4zYPGdgINTKVGg,,neutral,-0.0781,0.5356
WpaVhEcp3Qo2TjwyI1,fear,anger,-0.4415,0.7391
26BoCwvDEWXnGlLyM,disgust,neutral,-0.2285,0.5602
ITs9g5YHw0OWc,disgust,anger,-0.4802,0.726
Jx9n9pSg9JUJi,,neutral,-0.0505,0.5047
3o9bJX4O9ShW1L32eY,disgust,anger,-0.4763,0.7523
14r0pcXPXqTfNu,fear,neutral,-0.0317,0.4823
8PBfNDoySmsRc49P4F,anger,neutral,-0.0402,0.5383
3oriO13KTkzPwTykp2,surprise,neutral,-0.0835,0.5882
HQRgg6ks7nkyY,fear,neutral,0.1305,0.6744
DUJhkYPqDsmaI,disgust,anger,-0.2885,0.6406
134vVkHV9wQtaw,fear,anger,-0.4532,0.7669
UvOcKPHrkKSLm,,happy,0.0037,0.6382
2sXFzsA8YnLAaumYiC,fear,sad,-0.4953,0.4435
84BNiGilu0MPC,fear,sad,-0.4505,0.5139
eTr0c0aJORsWI,,sad,-0.4839,0.529
xL7PDV9frcudO,fear,happy,0.1172,0.6602
xT5LMHkEg6runrYJuo,fear,anger,-0.482,0.7966
kCrGOt5ojlVbG,fear,anger,-0.1672,0.7762
l4Jz3a8jO92crUlWM,happy,neutral,0.0284,0.5222
l1CCodZf3SNJbYRjy,disgust,neutral,-0.0419,0.5727
gZEBpuOkPuydi,fear,happy,0.3106,0.702
ZR8teuiCs3AkSkzjnG,fear,sad,-0.5912,0.3863
ggJkBd9atlkJBv3mtJ,happy,anger,-0.2049,0.6507
dCWcACCmyUI8uqmTzY,fear,neutral,-0.1026,0.5256
TgI82cyv2haUubdAzK,fear,neutral,-0.1495,0.5242
1ThndC5odGuUU,fear,happy,0.1946,0.6749
8recHeQMfXgQg,happy,neutral,-0.0172,0.5201
QmcuB58dRfmZx1KW1Y,fear,neutral,0.0427,0.4897
7YDt9L1xHnTMMqTxb9,fear,anger,-0.1915,0.6793
4l98ByikbiRNK,fear,neutral,-0.0511,0.4981
APcFiiTrG0x2,fear,happy,0.3952,0.7231
WOs3HWNVBIS1VLlaxj,disgust,happy,0.0667,0.7427
I5xVnGJRHZZf2,anger,sad,-0.4595,0.5758
11u7t453jrQxY4,,happy,0.0242,0.7357
3o7TKxBr7xhEgJhaFy,anger,neutral,-0.2232,0.5347
W6dorQn7tpRytTYmch,fear,neutral,-0.0464,0.5224
Pb71cptBHz5GpAjgmj,fear,sad,-0.5168,0.5614
3o6ZsS8GFJKJeJoRQ4,anger,sad,-0.5863,0.4969
1zKfKJWwaS0OMvOO5q,fear,sad,-0.2868,0.5734
3ohs4yX9rA1MQ8EoCI,disgust,anger,-0.4504,0.667
SUEjfSLaD6f77lyzH6,disgust,neutral,0.1667,0.5761
B6Jr28VwfxUFa,fear,sad,-0.5011,0.643
1dLpY1tUwvNAgJdTZT,happy,neutral,0.0111,0.5038
4ayiIWaq2VULC,disgust,happy,0.1212,0.5911
YTWLzRDGc4bdozofBV,anger,neutral,-0.1794,0.5092
l0EoBxp5kxp9WKFDq,fear,neutral,-0.0719,0.513
dV9sEOrhvKPNS,,neutral,-0.0546,0.5488
qLkWLJI8IfaPYZBEjG,fear,neutral,-0.225,0.5729
wSU1U3h1PFFsc,fear,anger,-0.4092,0.7303
xT5LMqhaaz8WkfVcI0,anger,sad,-0.3351,0.584
l0Ex44ccA6Gztj9Ly,anger,neutral,-0.066,0.5564
vhaj0GMFlIeFa,disgust,anger,-0.4375,0.7322
mJphxSaf1zdOo,fear,anger,-0.3271,0.6435
m9eNJRPJ3uZ9exZPlS,disgust,anger,-0.363,0.6578
f6z5TkrTIBZILYOd1t,fear,neutral,0.1207,0.5833
frA3xgQLVRvHF9U6o2,anger,neutral,-0.2454,0.5793
k9yS4LbpiVmtG,anger,neutral,0.0206,0.5683
l0MYJnJQ4EiYLxvQ4,disgust,anger,-0.3586,0.7348
26tn97J59sw9QzW8w,fear,anger,-0.4742,0.77
Vd2UJuwfoVzGjLrXbG,disgust,sad,-0.3416,0.6266
IblK8qEucUnRH4MKh0,fear,neutral,-0.1912,0.6542
S8B0q6ckdDw1dtHQbO,happy,neutral,0.0698,0.4943
WieqsBQwFzOy4,fear,anger,-0.4146,0.7437
QAsBwSjx9zVKoGp9nr,fear,neutral,-0.1412,0.5629
132pnhRx4EM7ni,fear,sad,-0.5465,0.4416
EtB1yylKGGAUg,fear,anger,-0.3036,0.7373
3o72F8t9TDi2xVnxOE,fear,sad,-0.3514,0.6955
6Q3M4BIK0lX44,happy,sad,-0.2153,0.5058
LoUmOTtGzs3A8WggVx,disgust,neutral,-0.0814,0.5523
ySpxjJmsq9gsw,disgust,anger,-0.2844,0.6577
rTbCwVwofxcic,happy,neutral,0.1619,0.58
YqnXSeq7AFSYjAAhpU,fear,neutral,-0.1346,0.576
oxLsWbH1rvy2A,fear,anger,-0.4156,0.6572
mGK1g88HZRa2FlKGbz,anger,neutral,-0.3598,0.5599
hgsCqwjcnmAuI,fear,neutral,-0.1352,0.6004
ZkeckS9RiCBEI,anger,fear,-0.4327,0.7948
xNT2CcLjhbI0U,fear,neutral,0.0306,0.6027
dJocIXW7hOQYNNY199,surprise,anger,-0.3012,0.6945
j02gyYC9eTIZ2,disgust,neutral,-0.2172,0.469
l4HnKwiJJaJQB04Zq,disgust,sad,-0.5209,0.4615
aXThX9ftrHnji,disgust,neutral,-0.1746,0.6001
uACnyZeQO48G4r6U8G,fear,sad,-0.4204,0.4861
pS67yU6Ma7O1i,fear,neutral,-0.2346,0.5775
muZ5w4wvefASvd7Rdp,fear,neutral,-0.0349,0.4825
ZBoVzR5k102XjXRYol,fear,neutral,0.1525,0.5428
l0MYOSO34oF4QNuRW,fear,neutral,-0.0656,0.4835
nNxT5qXR02FOM,fear,neutral,-0.1713,0.6265
kqOkk3xDTrjSE,fear,neutral,-0.1119,0.4927
OH2rL6DVTNpte,fear,anger,-0.1146,0.6735
XWwIzh5GIWWf6,disgust,anger,-0.2169,0.6409
IgBQVdmmZnzS8,disgust,neutral,-0.2097,0.5847
3oFyCVxsQn6RBa0r5u,fear,anger,-0.0562,0.694
8nhgZZMKUicpi,fear,anger,-0.3069,0.618
34ff20aY6oBUY,fear,happy,0.3665,0.7013
3ohjV6ZFxqY2WA5Ok8,fear,neutral,-0.161,0.5755
KpvlPBrme5sCA,fear,neutral,-0.1413,0.6887
6hxZWAXW3A5JbB4cUQ,happy,neutral,0.1254,0.524
QG1L2EgJ4B3XO,disgust,anger,-0.2915,0.7681
3o7TKwmnDgQb5jemjK,disgust,neutral,-0.2312,0.6215
4a1BW6oEvxPhK,disgust,neutral,0.0227,0.5859
KEG5UtvXUD7WPIhhuy,fear,neutral,0.0255,0.5083
9RrdV7o2kJFy8,fear,neutral,0.0228,0.6335
3o85xtib0RaWzZ7U1G,fear,anger,-0.317,0.7189
3oKHWvUUMPQhCOCT72,fear,neutral,-0.3097,0.5858
DyvyiFFXF1Yli,surprise,neutral,-0.0634,0.5587
KD8Ldwzx90X9hi9QHW,happy,neutral,-0.003,0.4859
ZB95y3XSFbljaNu7mT,fear,neutral,-0.0301,0.5618
y1kAX7XpAMUtW,anger,neutral,-0.158,0.5667
l0HlUH6eDIyq3ASwo,anger,neutral,-0.1623,0.5589
y65VoOlimZaus,fear,anger,-0.1579,0.6588
q8IwLQFwKSw4o,fear,anger,-0.0504,0.6631
jR4osyxSvYcuesr2wA,happy,neutral,0.0185,0.5438
g01ZnwAUvutuK8GIQn,disgust,neutral,-0.1317,0.529
l3xivF6cBEOQatmTQ1,anger,neutral,-0.1749,0.5766
f6hrp3Lh1vy2tEFBYz,fear,neutral,-0.2403,0.5863
qrfjUqL8RPqmNB5LQM,fear,neutral,0.2241,0.6197
Yv66XRlbWCuQw,fear,neutral,-0.1081,0.5461
vQqeT3AYg8S5O,fear,surprise,-0.1395,0.7439
l0HUoJEvqeH7IWZ9e,anger,happy,0.3503,0.6632
baPIkfAo0Iv5K,anger,neutral,-0.0349,0.5874
XbgzkpzueQjzepnhLy,fear,neutral,-0.0269,0.6272
YQ1xtJuNmxKNO,fear,anger,-0.3301,0.7768
QraXDBZqcrMfS,fear,anger,-0.425,0.6973
VB1hpq0p6xq6Snjd9Q,fear,neutral,-0.0571,0.4984
GjR6RPcURgiL6,fear,anger,-0.4787,0.7651
GSE1BzJG4JVbq,fear,sad,-0.5756,0.4294
DN8aXrJru9KSaDbWwU,disgust,anger,-0.2817,0.6299
3WdUt1PX5mlSo,fear,anger,-0.2044,0.6773
2uIfniYlTKcRzH5MB7,disgust,neutral,-0.0789,0.5252
VvxtXb86Lwicw,fear,neutral,-0.176,0.578
10bDoTtJhtcHu0,anger,sad,-0.5185,0.4168
VHeeFmvBRCfVtE7J1c,fear,anger,-0.1375,0.6475
13UeVnBP6x05P2,anger,neutral,-0.2054,0.5398
YVBC4HdSpB7z2,disgust,neutral,-0.1802,0.5689
bPCwGUF2sKjyE,fear,anger,-0.3407,0.7062
xTiTnsiwoxekWiNQ3u,disgust,anger,-0.4925,0.7928
lfEPA0PSCDAHWe8T81,happy,neutral,0.2662,0.5674
pXYm6otcnKrjW,fear,anger,-0.4052,0.7724
efqoQtkftSYOQ,fear,neutral,-0.0831,0.6477
sTgTWEcVGK7CW3BQa7,disgust,neutral,-0.1342,0.5771
bN5wu55IbKWQ,fear,neutral,-0.1004,0.5672
aO1A1YKqWgYBSye5KF,anger,neutral,-0.0128,0.4801
fCL6OogYkiyGLHrBTm,fear,neutral,-0.0642,0.508
qiS3vXMgjPADJKue3a,anger,neutral,-0.1144,0.5586
xb03XTlizaMbS,disgust,neutral,-0.0409,0.4918
b229GDfmrp98Q8cfgS,anger,neutral,-0.0165,0.4719
3o6nV1ij2ALTCmu8gg,anger,neutral,-0.1191,0.5561
SIY7zXY5QMULu,fear,neutral,-0.0976,0.5174
9pZw57AyqOHy47oSZq,happy,neutral,-0.0117,0.5641
Vi5qBEpExoCmzEcDvF,happy,neutral,0.2584,0.6111
89asT84PzDwwE,fear,neutral,-0.2544,0.5884
OMYj7otYRfCAo,disgust,happy,0.5807,0.7178
G1vplGMypxBcp7kx32,anger,neutral,0.0622,0.5562
B37cYPCruqwwg,fear,anger,-0.3504,0.74
LLWP1seiT4fC,fear,surprise,-0.1753,0.7667
2ymva1ROJjoEU,,anger,-0.2008,0.7519
MU1gQlfzyi7qE,fear,anger,-0.3578,0.6231
G4Ihli2UThrBS,disgust,surprise,-0.215,0.7508
3o85xkpCruOJPGtBMQ,fear,anger,-0.263,0.6197
HiDfhTFGZ4geI,disgust,anger,-0.3119,0.6098
1O43UNtta63S5KLLcK,fear,sad,-0.5264,0.529
Ty9Sg8oHghPWg,disgust,sad,-0.4892,0.583
b8V0suHz0TElFjw7UZ,fear,anger,-0.4954,0.7477
gLiJPmz9H6SKF0yfdX,fear,sad,-0.3283,0.595
yv104URDdt3u95MVMj,anger,sad,-0.4215,0.5662
fhVa2ldik8zRu,fear,neutral,-0.2713,0.5875
pcfdfm6hjTvji,fear,happy,0.359,0.6632
c20UV66B7zCWA,fear,anger,-0.3384,0.6548
axu6dFuca4HKM,,happy,0.4366,0.7118
ZBsuGxu0pY4akRxzjG,fear,neutral,-0.1021,0.5297
YYfDqZ9JYnhHG,fear,neutral,-0.176,0.5615
l0NwIoO8LN6Pr3Ety,fear,anger,-0.3766,0.7527
vwI4mYEHP8k0w,fear,anger,-0.184,0.6688
OBs0RTqCCjVFC,disgust,neutral,-0.0716,0.5525
10kxE34bJPaUO4,fear,neutral,-0.0439,0.6529
3owypbsgMMOTylOzOo,fear,happy,0.2341,0.6667
9WHE2bo5Na9Gg,fear,sad,-0.5889,0.4122
43G1ktK56yAMw,fear,anger,-0.2275,0.6443
4WA1gD7CKAPks,surprise,anger,-0.2258,0.7812
20k1punZ5bpmM,disgust,neutral,-0.1844,0.5189
IT6kBZ1k5oEeI,fear,anger,-0.3702,0.7035
1Zbeweu52ZaQE,fear,neutral,-0.1268,0.6253
Tim0q7zolF3fa,fear,anger,-0.4149,0.7173
1eChSPFlFeaAzsoB9v,anger,neutral,0.0107,0.5126
3oriNW27pn33u8rtuw,fear,anger,-0.3353,0.6249
OOZLyBA9Euq2I,fear,anger,-0.3956,0.7749
Xd1NSrtnVeGkuwlEtb,fear,sad,-0.5193,0.4222
Jp9Ys3hzAhjAr3v5SL,anger,sad,-0.5902,0.4844
M7mmYF0WnCfeAnjwnJ,happy,neutral,0.0092,0.4752
107R6VQWcEpyjC,fear,anger,-0.005,0.6884
w1XrYq5PsCbyE,disgust,anger,-0.3091,0.6294
zkidh9NcyKYJW,fear,neutral,0.056,0.5399
tQqDJHTbHHRMiEN00k,disgust,anger,-0.3966,0.6845
kiBcwEXegBTACmVOnE,happy,neutral,0.0645,0.4949
g3LLiQe9k3pIA6m5uE,happy,neutral,0.0683,0.4957
z9FwUoGNksJEDBJnIF,anger,neutral,-0.062,0.5252
bPTXcJiIzzWz6,happy,anger,-0.147,0.665
rvhps5a80Ov4s,disgust,sad,-0.4502,0.5664
l0Iyf53PyEdBPZMys,fear,anger,-0.4766,0.7685
ymkLJAxVz2la,fear,anger,-0.1731,0.7197
zFb4l4CvD4MOQ,fear,neutral,-0.3182,0.5208
yidUzuMf6DH8cz09zO,fear,anger,-0.1756,0.648
nnJIYvWhYpPlyv3tJo,happy,neutral,0.2032,0.5424
fkD36jhiqzJ9m,anger,neutral,0.0636,0.6075
JGxdQcfUOoJ4Q,fear,neutral,-0.0032,0.5954
Kn1UaRsYaGouc,,neutral,-0.3217,0.6164
BaSHs78BU2ZYQ,disgust,anger,-0.1453,0.6982
6pUBXVTai18Iw,fear,neutral,-0.1177,0.5287
11zTEl7fbwml68,anger,surprise,-0.1624,0.699
E19RHuY5MUFrO,fear,neutral,0.114,0.5253
8v6Z3YyULB5Q0Skbac,anger,neutral,-0.1458,0.4944
26FPnj46RYsIWgYLe,fear,happy,0.0025,0.6579
2UvFRCjSFuk1iz1Rmb,happy,neutral,0.1145,0.555
Z6WqiiaxneeInJXH1o,fear,neutral,-0.1061,0.6104
l378rrt5tAawaCQ9i,sad,neutral,-0.2566,0.6183
l2Sqf8kcUlcGaHULS,fear,anger,-0.4928,0.7737
oLHaxZoXbcU6Y,disgust,sad,-0.4874,0.5884
lNMyVfxjfzIJO,,anger,-0.3441,0.7305
xUPGcmnB5Mm6pCLNks,anger,neutral,-0.1663,0.597
ij8AeeqXKFZm0,fear,neutral,0.1827,0.5638
uauOgWP1E2p2g,fear,happy,0.3681,0.7486
cLwDB2j2a7JFdzQzYu,fear,anger,-0.3999,0.6572
gX8F8kMRTx44M,fear,anger,-0.0977,0.6727
g5zvwUa9720pO,fear,happy,0.3843,0.6561
l1J9znYNISr0aEmze,disgust,neutral,-0.1371,0.5119
xT9IgxiUfXHycuUkRW,anger,neutral,-0.1042,0.5882
nhklNniaxTXoI,fear,anger,-0.3968,0.672
xT0xeHDVBcAulhRJRK,fear,neutral,-0.1342,0.5859
xUA7aQ21bruxszHmRW,fear,neutral,-0.1935,0.5953
jtWcxbqvNuiFZdcnnC,disgust,anger,-0.4418,0.738
R459x856IfF6w,surprise,neutral,0.0227,0.523
26xBPPcBnFA6kVXsk,fear,anger,-0.2791,0.6713
13iCJs2f5mPAas,fear,happy,0.3861,0.6912
DpNOlWx7F77IG9stWa,fear,neutral,-0.1275,0.5805
YPygjIbPW8Sic,fear,neutral,-0.1468,0.5722
3ornkbEo4MuwPYcISY,disgust,anger,-0.437,0.7812
7vQZanyufdRe0,happy,neutral,0.1608,0.6006
SOmjomEnNHsrK,fear,neutral,0.1578,0.5352
Fu9EXNUgJBRBe,anger,surprise,-0.1531,0.7658
W4noVjjj269MMLcNmm,fear,neutral,-0.0079,0.4695
26tOZlKO9QxXcHPEY,disgust,neutral,-0.2781,0.5989
Pnh0Lou03fv92J4puZ,happy,neutral,-0.1298,0.6031
ExMGjbktr4phe,fear,neutral,0.0375,0.5645
CKrlUi30dn44w,fear,anger,-0.4607,0.7598
MrxXXBriEIKBO,fear,anger,-0.1835,0.7782
XteNIxbCLj3HzEfAil,fear,neutral,-0.2376,0.5729
3o7TKEP6YngkCKFofC,fear,sad,-0.5887,0.5013
9mZoOe2CWoeha,happy,neutral,-0.0512,0.5865
Z06UFnGuY0H9C,fear,neutral,-0.0636,0.483
ackTXeSW3lvfq,fear,anger,-0.4086,0.7756
mqIkCP4tu28i7yJWB3,fear,neutral,-0.2528,0.6257
j3x5hjUoXIesM,fear,neutral,-0.1609,0.5296
ygzes6t3HvP5AzudBa,fear,neutral,-0.0761,0.5854
nTfdeBvfgzV26zjoFP,disgust,neutral,-0.2889,0.5707
rxy55jHaig16K2TV8x,happy,neutral,0.3587,0.5974
qL1PSgh7zGmUIdQVaR,anger,neutral,-0.0195,0.5086
dw2yCF4MhcNmSMgpfe,happy,neutral,-0.0841,0.5326
dSetRSJcR3PGqkvjRg,surprise,neutral,-0.1399,0.6017
xUOxeZUc8UFwMgH2MM,fear,anger,-0.3966,0.7334
lSsUUKKm4aOADqtc0o,anger,neutral,0.036,0.6107
fTtNMQ737dqZCkg4dk,fear,neutral,-0.1057,0.528
MEtP6XftcuDoA,happy,neutral,0.1812,0.6278
3bc5MV3VkOpMI,fear,happy,0.2184,0.6616
3ohhwyXhrNXmL831XG,fear,neutral,-0.149,0.4945
3oxRmvU3GAJay6F60g,fear,neutral,-0.1061,0.5159
10AmJ6TIlbYxAk,neutral,anger,-0.4014,0.7409
11o5fBqY66IciQ,disgust,sad,-0.4019,0.5271
116a8zosxwA0SI,anger,sad,-0.4451,0.53
WmkqburJqXziM,fear,neutral,0.0088,0.6437
3o6wNTC6U7EmChEapW,fear,neutral,-0.0031,0.689
55d2XxhlYRRlcquuy7,happy,neutral,0.0092,0.4761
wxZVenBE9msRq,happy,neutral,0.008,0.4832
l2JJu8U8SoHhQEnoQ,fear,sad,-0.4336,0.5497
la6Ne7z15BXs4,happy,neutral,0.256,0.5855
uWzS6ZLs0AaVOJlgRd,disgust,neutral,-0.0351,0.4823
duKV1YBPhDtd9efnrR,anger,neutral,-0.0153,0.46
gIfgb4RSmErc07m4n9,fear,neutral,-0.2729,0.6122
elHDhmQ4GDHIUAWPNs,fear,neutral,-0.2673,0.6424
l3q2YZJJyCFPd0lsQ,disgust,neutral,-0.188,0.5976
b1o4elYH8Tqjm,fear,anger,-0.2127,0.7219
mUrBX1TF0kCRi,anger,happy,0.1123,0.6685
l0HlQ7LRalQqdWfao,fear,neutral,0.0003,0.5202
dVceptS2MrRxUz4F2X,fear,anger,-0.3382,0.6684
xTiTnqvY8I9fEygq76,disgust,anger,-0.3106,0.6637
mRh4cLIYhrs9G,,sad,-0.1879,0.5914
f9ZLRWMBjKAbe07PtH,fear,neutral,-0.1661,0.5534
tN1lvnT4M6nte,fear,anger,-0.5161,0.7087
wofyg8nxsWEmtR7eOK,fear,anger,-0.4081,0.7812
11pEf1ZMBCxoe4,fear,anger,-0.0878,0.6893
VFYJXIuuFl6pO,disgust,neutral,-0.2916,0.5203
26FmQ6EOvLxp6cWyY,fear,neutral,-0.2284,0.4731
RzqhECDimSgLK,neutral,sad,-0.4241,0.4769
MC6eSuC3yypCU,fear,neutral,-0.3066,0.6423
PWfHC8ogZpWcE,,sad,-0.4164,0.4837
KSCYjxdjm0yA0,fear,anger,-0.4689,0.7217
LDa4ewNzVqhpe,fear,anger,-0.3257,0.6532
U5U8gZy0PlrcLY46NC,happy,anger,-0.185,0.7127
QUL4i6On4IQA2MdxaK,disgust,sad,-0.5459,0.4209
A7ZbCuv0fJ0POGucwV,fear,happy,-0.051,0.5974
XlvbF51R0T9uM,fear,neutral,-0.0785,0.5919
451qNhlPMmn6AfC1FZ,fear,neutral,-0.139,0.6404
N90M0BbEAhGCI,fear,neutral,-0.0174,0.5281
OLY40BwPRUWic,fear,neutral,-0.0281,0.6597
12W37klNpwdOgw,anger,happy,0.1862,0.6922
3o7WTqo27pLRYxRtg4,fear,neutral,-0.2783,0.5018
IbaTs1YZ9QLDpr8a6U,fear,neutral,-0.0225,0.5915
TEHn0Ly4cyvPBXPAjR,anger,neutral,-0.1344,0.5874
3ornjM1ow4vbrifDAA,anger,neutral,-0.0871,0.5831
DD0qpSrxZ8MJG,fear,neutral,-0.3402,0.5982
3o7aCWACkSbYGU1YGI,fear,neutral,-0.0989,0.5412
3o7TKFy1gaoy1JNqZG,fear,neutral,-0.1029,0.5516
8WfSU9yarFUoEfSH96,anger,neutral,-0.1197,0.5527
IdTUJAGPRDR7en4z9B,disgust,neutral,0.0445,0.5625
3oKIPEh5Lk3RGSIFEI,fear,anger,-0.2188,0.7239
tIeCLkB8geYtW,fear,neutral,0.0605,0.5205
YS4dPT8CgMFvvTAIoV,happy,neutral,0.1616,0.5557
l2SpNtHdgOA9s1qNy,fear,neutral,-0.1292,0.5424
lZd4oyt1EzC3C,,neutral,-0.2033,0.5292
YoDtwjMRV1K8hNEu9s,disgust,neutral,-0.0439,0.513
xUOxf7BGcnKPNCA5kQ,fear,neutral,-0.1628,0.5999
xlGYf1RUbYYes,fear,anger,-0.1128,0.6427
YoWOIjnXT1NKIbFP9H,fear,anger,-0.4881,0.7591
xTcnSOEKegBnYhGahW,,neutral,0.0117,0.6362
yXBqba0Zx8S4,fear,neutral,0.1162,0.5443
t0005w3YYbuIU,happy,neutral,0.155,0.6084
gw3C71R3QMD13yGQ,fear,neutral,-0.0098,0.5392
bBpqYL0ifrQR9XjElp,fear,neutral,-0.2542,0.5671
11qCjC856PSmnm,fear,anger,-0.3809,0.7858
3ornjUO3ZYqct4fSgw,fear,anger,-0.3574,0.708
8F6LGQ5UOW8pruLXyW,anger,neutral,-0.0393,0.5262
5xaOcLNlhNc4m0BiVIQ,fear,neutral,-0.1401,0.5492
Qa5dsjQjlCqOY,fear,anger,-0.458,0.7616
3aX8uXXw6Nf6U,fear,neutral,0.1134,0.6044
NiBMdMizycNCE,fear,happy,0.0207,0.65
0KXekb55GlLIOdhXC8,disgust,neutral,-0.2864,0.5985
37Fsl1eFxbhtu,fear,anger,-0.3491,0.6889
3o7budrAwLUZYUaSC4,anger,neutral,-0.1994,0.6053
XPuIWJO1PQTjq,fear,anger,-0.2376,0.6906
5x89XRx3sBZFC,fear,neutral,-0.2463,0.6011
VXExnf388LPX0rMyoX,fear,neutral,-0.1138,0.5606
Lkr58IndWjK2x7TWmx,anger,neutral,0.0268,0.5766
83rxg99t45OoM,fear,neutral,-0.1663,0.5528
3ohs80EuzI2k3jFX6o,disgust,neutral,-0.0891,0.5648
BmmfETghGOPrW,fear,neutral,-0.2509,0.5996
65OEXNw7SVFtxAIGG1,happy,neutral,-0.0389,0.556
MnWbFsmlpcBKU,disgust,happy,0.1166,0.7276
SiKqNZqksVYWmQEMjd,fear,anger,-0.1391,0.7067
PW8QE11gdVyb8egAJK,fear,anger,-0.1199,0.6695
26ybw2WdicjAq1aco,,happy,0.3575,0.7016
3o8doUeyrZAinxcGBi,anger,neutral,-0.0879,0.6539
26gJziULEYG0uEtTq,sad,neutral,0.1351,0.5593
TgOYjtgKpS9jAytUlh,surprise,sad,-0.2414,0.6754
IYJBTNLgES23K,disgust,neutral,-0.0707,0.5262
3o7TKBjqwOlQYMirle,anger,neutral,-0.1779,0.5643
YqE3jbSQQR6x9g19Kj,sad,happy,0.3614,0.6702
dWgKOhSt4rLyta3xqa,anger,neutral,-0.0389,0.4847
fGuqeA6PiXINa,fear,anger,-0.2923,0.748
pHMtogPBHC7Cg,disgust,sad,-0.4906,0.5661
oNmOUAT3rgp7SOQb9n,fear,anger,-0.2338,0.6628
dxCKVfoUXQK3TAHPQm,fear,anger,-0.4301,0.7558
tKX6FNU9UGwF2,,neutral,-0.0766,0.5029
cfNAQrzAai2BO,fear,neutral,-0.0244,0.5057
jxrF14rzkiwiFsUJBN,fear,neutral,-0.0793,0.531
kGCuRgmbnO9EI,disgust,anger,-0.3367,0.6431
YohvjRwIzXHt6SL6fX,fear,neutral,-0.1096,0.5287
idwHsrrEkqQws34iPk,happy,neutral,0.0627,0.508
yhRnl31SmMec,fear,happy,0.2405,0.7294
TDihESECepJa30CBzi,disgust,neutral,-0.0448,0.5066
11tqljvNZyY3PW,fear,anger,-0.3717,0.72
Aa5shwDRt27cs,anger,neutral,-0.1712,0.5459
ICNCWyTuNjSL7V8bfE,anger,neutral,-0.0141,0.4723
DWo6beGJTTqFi,fear,anger,-0.4249,0.7642
N3IvZ9yxUde3m,disgust,anger,-0.2225,0.6504
2seF7czq1x5cosT1Ef,anger,neutral,-0.0099,0.5382
OOH9VuKpuOj7gMqYbt,fear,neutral,-0.2629,0.6304
RBeddeaQ5Xo0E,surprise,sad,-0.5524,0.5015
WRQBXSCnEFJIuxktnw,disgust,neutral,-0.2832,0.5946
11UyDwkBKvmybe,,neutral,-0.0853,0.5547
87CKDqErVfMqY,fear,anger,-0.2836,0.6262
69CKViM7D2PrG,fear,anger,-0.2834,0.6588
6UFgdU9hirj1pAOJyN,anger,neutral,-0.1454,0.5262
8g63zqQ5RPt60,anger,neutral,-0.1036,0.59
j0kQJxo5mzGYb4EvWK,happy,neutral,0.1423,0.5844
h2fGd1tJyBVmD3X5sc,fear,neutral,-0.2175,0.6411
xUOwGkoxib4Y9A9T9u,fear,neutral,-0.0449,0.5144
mp1JYId8n0t3y,fear,happy,0.0804,0.7359
elUskIqzwQ50BBWy8t,fear,neutral,-0.1157,0.599
l0IynvPneUpb7SnBe,fear,anger,-0.408,0.77
xT1R9MyOQLEB2WY6Oc,fear,neutral,-0.0762,0.5604
fvYR60mQCKt2x9hV3y,disgust,neutral,-0.2226,0.5955
jTf2Io0LtBXGZddOVE,fear,sad,-0.3016,0.5261
er1kMn1rb4UBW,fear,anger,-0.428,0.7375
uqPDIEPMODKne,disgust,neutral,0.0366,0.52
z1GQ9t8FxipnG,disgust,anger,-0.3349,0.7366
qgri3D9sTwCUGMcT8L,disgust,neutral,-0.1568,0.5721
cEOG7nGA7448M,fear,sad,-0.5436,0.4947
l0HlAK9sXG6cVmh7G,happy,neutral,0.1195,0.5063
r00LEeXVOt0xG,fear,sad,-0.2217,0.6851
iI66xtH0i2LjKZHme7,fear,anger,-0.3513,0.6763
eImrJKnOmuBDmqXNUj,fear,anger,-0.0191,0.7097
atQF1zaSGq8s8,,anger,-0.1762,0.6809
ugZIZgMzzrLdC,anger,sad,-0.5395,0.6264
3o6ozxhV860fEuhgru,disgust,anger,-0.3016,0.6768
13KU2acRf6BcpG,disgust,neutral,-0.0709,0.5277
5xtDaru7nxqniasZjgY,fear,happy,-0.0099,0.639
QYkX9IMHthYn0Y3pcG,fear,neutral,0.0028,0.5563
2ZqbXco8wMMDqsvpfJS,anger,neutral,-0.0567,0.6505
62PP2yEIAZF6g,disgust,neutral,-0.0926,0.5076
42D3CxaINsAFemFuId,happy,neutral,-0.0472,0.5992
DOb3rFL6d83Zu,disgust,anger,-0.4027,0.6999
7XIq6GWNwOuUE,fear,anger,-0.2657,0.7612
QMyF0t2nkwNNt2sJp2,,neutral,-0.2105,0.6125
XaLJaROb4htOl4axlO,fear,neutral,0.0428,0.6367
QBq85aNSCgWTQXJCqM,disgust,anger,-0.4306,0.7031
QnMJm9bVR9nDa,surprise,anger,-0.2507,0.7391
D12CsrRNv7gL6,fear,sad,-0.5436,0.4947
37QVh74uQ5qeBOh0UF,fear,neutral,-0.0216,0.6486
z8pi6Q8wTxuFO,fear,neutral,0.0179,0.5934
l4Ki9A1PvIDZjG43S,surprise,anger,-0.4232,0.7557
pYCZPDymIVjeo,fear,happy,0.3741,0.7509
vWV43SMmVc8uI,fear,neutral,-0.2167,0.6094
xpkHMvwv80FTveoauE,fear,neutral,-0.1111,0.5381
lnDvZtsnWfnnX4T0KA,sad,neutral,-0.0867,0.4993
w7vfHvY1bUNSsjdRNc,anger,neutral,-0.2843,0.522
mDFpdL1UxdVZRBN2V4,fear,anger,-0.2006,0.6636
d6bRMswt9miuQ,fear,neutral,0.0816,0.5508
fdyZ3qI0GVZC0,fear,neutral,-0.1672,0.548
l0G16tniufNNdd9QY,disgust,anger,-0.3804,0.6266
yieUZqSVn5A9Caxq1B,anger,neutral,-0.1081,0.5739
orsKKFqWKtsVa,disgust,neutral,-0.1083,0.6071
zNXvBiNNcrjDW,disgust,neutral,-0.0606,0.5374
l1Aswx03WbLDf9kYw,,happy,0.3239,0.6111
xLoNhpbVAmHja,fear,anger,-0.1697,0.6805
2ABCr6UjvZ1Xa,anger,neutral,-0.034,0.5314
3o6YfXtqIrtPrApeuI,anger,neutral,-0.1393,0.5914
26xBP1Xd2qaHBdHlS,sad,neutral,0.0788,0.6284
26hirEPeos6yugLDO,happy,neutral,-0.042,0.52
I9Pt41RvhSjeXOJaAu,fear,neutral,0.0468,0.5694
I1U9DTjCqOF3i,disgust,surprise,-0.1359,0.7876
KDVQ7XhJabBYkF4U4Y,fear,anger,-0.4149,0.79
SYGkVEBAhm0g0,disgust,anger,-0.2148,0.6382
LrN9NbJNp9SWQ,anger,neutral,-0.2942,0.5919
Gjm3ah2BVKg12,disgust,anger,-0.4621,0.7688
20HLdYdWbg7myqs0TF,anger,neutral,-0.069,0.5472
SEEZV9PrWRfVu,fear,anger,-0.2654,0.6946
40Z4EtasDsfMVEyX8H,fear,anger,-0.3565,0.746
G5JoAjEBtfoTm,anger,neutral,-0.2229,0.5718
4Jxa0QgHF2HSw,neutral,anger,-0.3273,0.6251
3oFzm0o2jMKftsaBoc,disgust,surprise,-0.1042,0.6949
A6soRJp32I7fy,disgust,neutral,-0.1672,0.5716
RKS1pHGiUUZ2g,sad,neutral,-0.2298,0.5567
jJDpB4EV9QRCE,fear,anger,-0.3134,0.7682
m9523AAgxz9Lj7ZMau,fear,neutral,-0.1918,0.579
xT8qBu5gOYEqHhgDQs,,neutral,-0.0193,0.5415
hXJ1MWMzY7Af32UIUD,happy,anger,-0.1277,0.7604
olAik8MhYOB9K,happy,neutral,0.1894,0.6265
l3fQlLpXPmtLkmwU0,fear,anger,-0.3362,0.6809
bBKWYrQvCnXeKKTDwK,anger,neutral,-0.198,0.5494
ummeQH0c3jdm2o3Olp,anger,surprise,0.0498,0.7278
iVhLISAEmtpFS,happy,neutral,0.0564,0.6405
Mk1wQ8cH5TtsqafLiX,sad,neutral,0.0314,0.5034
2vSk4f18Fyw2f26G32,fear,neutral,0.0018,0.6085
13QkjhUqQIlWBa,fear,anger,-0.3185,0.7044
GNvWw0pDL6QRW,fear,neutral,-0.0983,0.5732
JlR1TxQqjVLna,fear,sad,-0.5555,0.5566
JVqeFxl3Qo8,disgust,anger,-0.1769,0.666
GcSqyYa2aF8dy,anger,neutral,-0.1227,0.6268
GQI382aMVej0k,anger,fear,-0.3225,0.7844
26tPpYhcvOLqLKEmc,fear,neutral,-0.2303,0.5699
1lAOemoi0KhPMzxczT,disgust,neutral,-0.1909,0.5028
WmWMIbp9uJYNyDD5He,disgust,neutral,0.0521,0.4913
WKdWA04KRn58A,fear,happy,0.1435,0.7159
KbAbh6CbK4r5dyaZ4i,fear,neutral,-0.2031,0.6141
2xPJgvjnr456xOQTmW,anger,neutral,-0.2075,0.6633
12jgBb10Btl7Zm,fear,anger,-0.245,0.6308
ESjyqZhDEpCo0,disgust,anger,-0.0457,0.7032
WxgPE7Y58KLxvzji1f,surprise,happy,0.0811,0.6742
TEkr9oBZ57KFmMWScZ,fear,neutral,-0.1485,0.6089
Qy2VKY3xlI1QyR6Ix5,anger,sad,-0.5898,0.4759
Tj4mYT6CucbjAgIkbY,happy,neutral,0.3144,0.5967
QwnA7gaEJXbLjEmIuB,fear,neutral,-0.0284,0.4835
ToSwGBKo4QV4tYkrR9,fear,sad,-0.5531,0.4938
QgixZj4y3TwnS,fear,surprise,0.0641,0.7089
xTiTnHXbRoaZ1B1Mo8,disgust,anger,-0.3545,0.6023
lqM68D2hniKxm9gHwj,fear,happy,0.2824,0.623
xT1XGESDlxj0GwoDRe,anger,sad,-0.48,0.48
e7PqS0VCIsmi6LKkY4,fear,neutral,-0.0836,0.5436
hqOZowy220YCuohxKs,disgust,neutral,-0.1263,0.5184
mgqefqwSbToPe,surprise,neutral,0.01,0.5123
npa9Z4oOgXkIw,fear,happy,0.557,0.7371
b09xElu8in7Lq,fear,happy,0.2643,0.7445
iMQ2kjkP8chaj02EjB,disgust,anger,-0.3161,0.6046
fs0r5olknYHjFB703e,fear,neutral,0.046,0.5244
l0NwSvw3kQWZuUW8E,fear,neutral,0.1782,0.5985
d3MLHas3GsBDQcaQ,,anger,-0.3999,0.6915
uTAZTQi8dX1VGa4pXT,fear,neutral,-0.2761,0.5598
5qjebZ9hz3tjW,disgust,anger,-0.4732,0.7985
MIY4jpusckRmU,fear,neutral,0.0373,0.5527
26n7937SwZkal2Oju,fear,anger,-0.4269,0.6126
46yfwmh4XfLKE,fear,anger,-0.4856,0.5977
4KxeicCUTvhrW,happy,neutral,0.1094,0.5858
MFy2rE6uWwQmwdmrQG,fear,neutral,0.0157,0.5931
DvLctvGGlGAqzqbwKO,happy,neutral,0.1355,0.5552
13sz48R33vovLi,disgust,neutral,-0.1549,0.5479
3XR0chfiSTtAI,anger,sad,-0.2513,0.6361
Q8yVhekmYfdZvyojKx,anger,neutral,-0.171,0.6758
ArYyMzY10qNnq,fear,neutral,-0.0905,0.6049
3ohs83bO7MKV9koZuE,happy,neutral,0.3071,0.5903
EndO2bvE3adMc,disgust,anger,-0.4909,0.7861
1URYTNvDM2LJoMIdxE,disgust,neutral,-0.2725,0.6169
13CoXDiaCcCoyk,fear,neutral,-0.0898,0.5878
26xBRbXSNi9soN1du,fear,neutral,-0.172,0.6593
JRPtASBa2IjyAhIBob,fear,neutral,0.025,0.5709
Sqfu14lSonVN219Zb6,disgust,happy,0.1858,0.7089
Wy3yu6suaOEgM,anger,neutral,0.1441,0.6379
7oMx9hEaUaMZa,disgust,anger,-0.2886,0.6374
RRmwstEMkcvxC,fear,sad,-0.4624,0.6455
33IuTLxqRETHkZUaH4,fear,anger,-0.4629,0.7141
KWn1Rhs5O82Wcp4tua,fear,neutral,-0.1154,0.6414
YEongvRqe8sXC,fear,neutral,0.1158,0.5641
l2JdV6ztwBuv54Xbq,fear,anger,-0.444,0.6881
ZlRmaLNJgoRIA,fear,neutral,-0.1676,0.6013
mkhMTALnrYRLnuoe5P,fear,sad,-0.5241,0.4829
